movieId,avg_movie_rating,rating_count
1,3.9815865,353.0
2,3.1895425,153.0
3,2.9855072,69.0
4,2.65625,16.0
5,3.2288136,59.0
6,3.7427535,138.0
7,3.7333333,60.0
8,2.6111112,9.0
9,3.3823528,17.0
10,3.451724,145.0
11,3.5265958,94.0
12,2.25,22.0
13,4.0,11.0
14,3.767857,28.0
15,2.8421052,19.0
16,3.8362832,113.0
17,3.986607,112.0
18,3.734375,32.0
19,2.5762713,118.0
20,2.9444444,27.0
21,3.45,130.0
22,3.2358491,53.0
23,3.0294118,17.0
24,3.05,40.0
25,3.672,125.0
26,3.6785715,14.0
27,3.875,8.0
28,3.90625,16.0
29,3.9454546,55.0
30,4.2,5.0
31,3.425926,54.0
32,3.8387623,307.0
34,3.5300546,183.0
35,3.25,8.0
36,3.9728682,129.0
37,2.6666667,3.0
38,3.4285715,7.0
39,3.3972602,146.0
40,3.6666667,3.0
41,3.6470587,17.0
42,3.1,20.0
43,3.5666666,15.0
44,2.754386,57.0
45,3.2454545,55.0
46,2.8214285,14.0
47,4.111111,306.0
48,2.9621212,66.0
49,5.0,1.0
50,4.3461537,338.0
52,3.66,50.0
53,4.0,1.0
54,2.8636363,11.0
55,3.4166667,6.0
56,1.5,1.0
57,3.45,10.0
58,3.827869,61.0
59,3.0,1.0
60,3.1447368,38.0
61,3.75,12.0
62,3.7303922,102.0
63,3.1904762,21.0
64,2.3076923,13.0
65,2.451613,31.0
66,1.9375,8.0
67,5.0,1.0
68,3.35,10.0
69,3.6666667,30.0
70,3.4303796,79.0
71,2.75,10.0
72,4.1153846,13.0
73,3.9705882,17.0
74,2.9583333,12.0
75,4.0,3.0
76,3.0227273,22.0
77,3.0,4.0
78,3.7142856,7.0
79,3.109375,32.0
80,4.0,1.0
81,3.1666667,12.0
82,4.423077,13.0
83,4.0,2.0
85,3.1666667,12.0
86,3.3333333,21.0
87,2.75,6.0
88,3.2,35.0
89,3.5526316,19.0
90,2.0,1.0
92,2.7,10.0
93,2.6923077,13.0
94,3.275,20.0
95,3.1344538,119.0
96,3.0,1.0
97,4.14,25.0
98,3.5,1.0
99,3.0,1.0
100,2.8181818,22.0
101,3.9,25.0
102,2.25,4.0
103,2.4285715,7.0
104,3.240909,110.0
105,3.4711537,52.0
107,3.5526316,38.0
108,3.0,1.0
110,3.9615386,351.0
111,4.084507,213.0
112,3.1949153,59.0
113,2.875,4.0
114,4.0,1.0
116,4.0,5.0
117,4.0,4.0
118,2.9,10.0
119,3.25,4.0
120,2.0,1.0
121,3.4285715,7.0
122,2.7631578,19.0
123,3.75,14.0
124,3.0,1.0
125,3.6176472,17.0
126,2.2727273,11.0
131,4.0,1.0
132,2.1666667,12.0
135,2.7727273,33.0
137,3.0,1.0
140,2.75,8.0
141,3.5215516,116.0
144,3.5714285,21.0
145,3.25,90.0
146,3.3333333,3.0
147,3.5952382,21.0
148,2.0,1.0
149,3.857143,7.0
150,3.951439,278.0
151,3.5086207,58.0
152,3.0,1.0
153,2.920513,195.0
154,4.3125,16.0
155,3.642857,7.0
156,3.9,10.0
157,2.4583333,12.0
158,2.6346154,78.0
159,3.368421,19.0
160,2.409091,77.0
161,3.6507936,126.0
162,3.4722223,36.0
163,3.4702382,84.0
164,3.7,15.0
165,3.5414634,205.0
166,2.9,5.0
167,1.0,1.0
168,3.1290324,62.0
169,1.962963,27.0
170,3.1666667,45.0
171,3.5,8.0
172,2.875,60.0
173,2.622093,86.0
174,2.2777777,9.0
175,3.609375,32.0
176,3.5666666,15.0
177,3.0714285,7.0
178,2.0,1.0
179,2.75,6.0
180,3.5172415,58.0
181,1.9,10.0
182,3.3333333,3.0
183,3.875,4.0
184,3.6666667,3.0
185,3.196,125.0
186,3.0948277,58.0
187,4.5,2.0
188,3.090909,11.0
189,1.0,2.0
190,3.5,3.0
191,2.85,10.0
193,2.2261906,42.0
194,4.111111,27.0
195,2.9117646,17.0
196,2.9661016,59.0
198,3.3783784,37.0
199,3.909091,11.0
201,4.0,3.0
202,3.0,3.0
203,3.8333333,18.0
204,2.8333333,48.0
205,2.9444444,9.0
206,3.909091,11.0
207,3.3285713,35.0
208,2.9148936,141.0
209,3.0,1.0
210,2.5,2.0
211,4.0,2.0
212,3.0,2.0
213,3.892857,14.0
214,4.4,5.0
215,4.125,48.0
216,3.2142856,49.0
217,2.5,4.0
218,3.3653846,26.0
219,4.75,4.0
220,2.5,1.0
222,3.75,26.0
223,3.9078948,152.0
224,3.491228,57.0
225,3.3695652,69.0
227,3.0,18.0
229,3.25,8.0
230,3.609375,32.0
231,3.1045198,177.0
232,3.9,30.0
233,3.2857144,14.0
234,2.575,20.0
235,3.860465,86.0
236,3.3359375,64.0
237,3.0394738,38.0
238,3.2,5.0
239,2.847826,23.0
240,2.875,8.0
241,3.3333333,3.0
242,3.6,5.0
243,3.0,1.0
244,2.8333333,3.0
246,4.236111,36.0
247,3.6046512,43.0
248,2.75,14.0
249,3.439394,33.0
250,2.5,3.0
251,3.0,1.0
252,3.2333333,45.0
253,3.5488505,174.0
254,2.75,4.0
255,1.8333334,6.0
256,2.637931,58.0
257,3.4285715,21.0
258,2.4583333,12.0
259,3.0263157,19.0
260,4.0632606,411.0
261,3.41,50.0
262,3.98,25.0
263,4.5,2.0
264,4.0,1.0
265,4.1354165,48.0
266,3.4117646,85.0
267,2.8055556,18.0
268,3.5,2.0
270,3.2727273,11.0
271,3.5,4.0
272,4.212121,33.0
273,3.125,32.0
274,3.25,4.0
275,3.05,10.0
276,3.06,25.0
277,3.224138,58.0
278,3.6,5.0
279,4.125,8.0
280,3.5952382,21.0
281,3.9473684,19.0
282,3.4642856,56.0
283,3.5,2.0
287,3.4,5.0
288,3.24183,153.0
289,3.357143,14.0
290,3.8448277,29.0
292,3.4299364,157.0
293,4.1033654,208.0
294,3.6666667,3.0
295,3.625,4.0
296,4.219439,499.0
298,3.0,1.0
299,3.625,12.0
300,3.7564104,117.0
301,3.5,1.0
302,3.4285715,7.0
303,3.0666666,30.0
304,2.0,1.0
305,2.6388888,18.0
306,3.9189188,37.0
307,4.0,34.0
308,3.7738094,42.0
309,3.0,1.0
310,1.0,1.0
311,1.0,1.0
312,2.4,5.0
313,2.3333333,3.0
314,4.3636365,22.0
315,3.04717,53.0
316,3.3700564,177.0
317,2.9269662,89.0
318,4.438716,514.0
319,3.618421,38.0
320,3.6666667,3.0
321,3.7857144,7.0
322,3.6785715,14.0
324,4.0,1.0
325,2.6666667,3.0
326,3.8333333,6.0
327,2.7631578,38.0
328,3.25,8.0
329,3.3090277,144.0
330,3.0,7.0
331,3.5,2.0
332,2.7222223,9.0
333,3.5333333,60.0
334,4.5,8.0
335,3.5,2.0
336,3.4,5.0
337,3.9141414,99.0
338,2.75,24.0
339,3.536232,138.0
340,3.2083333,12.0
342,3.3714285,70.0
343,2.3,5.0
344,2.8768115,207.0
345,3.7413793,58.0
346,3.3,10.0
347,3.25,6.0
348,3.6170213,47.0
349,3.6232395,142.0
350,3.51875,80.0
351,3.3809524,21.0
352,3.2,5.0
353,3.445055,91.0
354,3.3333333,6.0
355,2.375,48.0
356,4.0590553,508.0
357,3.575188,133.0
358,3.2142856,7.0
359,2.3333333,3.0
360,2.875,8.0
361,3.0416667,24.0
362,3.2674417,43.0
363,3.6,5.0
364,3.8645484,299.0
365,2.7692308,13.0
366,2.75,16.0
367,3.2640188,214.0
368,3.2857144,70.0
369,3.1153846,13.0
370,3.0,71.0
371,3.1904762,21.0
372,3.2333333,60.0
373,3.642857,21.0
374,2.4642856,28.0
375,5.0,1.0
376,3.2589285,56.0
377,3.493617,235.0
378,3.1,10.0
379,2.55,30.0
380,3.390244,246.0
381,3.3888888,27.0
382,2.92,25.0
383,3.58,25.0
384,2.5,4.0
385,4.0,1.0
386,3.0,2.0
387,2.2857144,7.0
388,4.0,2.0
390,2.6666667,3.0
391,3.25,2.0
392,4.75,2.0
393,1.4285715,7.0
394,3.0,1.0
405,2.3035715,28.0
407,3.642857,14.0
408,2.0,1.0
409,3.3333333,3.0
410,3.1263158,95.0
412,3.575,20.0
413,2.7741935,31.0
414,2.2,5.0
415,2.9047618,21.0
416,2.375,12.0
417,3.631579,19.0
418,2.0,3.0
419,2.5,20.0
420,2.8521128,71.0
421,3.2,5.0
422,3.6666667,9.0
423,2.9705882,17.0
424,3.1875,8.0
425,4.0,4.0
426,2.9411764,17.0
427,2.375,16.0
428,4.017857,28.0
429,2.2,5.0
431,3.9339623,53.0
432,2.6296296,54.0
433,3.2142856,7.0
434,3.027972,143.0
435,2.6813188,91.0
436,2.6111112,9.0
437,2.142857,7.0
438,3.25,8.0
440,3.535294,85.0
441,3.6454546,55.0
442,2.9226804,97.0
443,3.2,5.0
444,2.5,4.0
445,2.75,10.0
446,4.0,22.0
448,3.71875,16.0
449,3.7142856,7.0
450,3.4583333,24.0
451,3.6666667,3.0
452,4.5,4.0
453,3.4,5.0
454,3.4663866,119.0
455,2.590909,55.0
456,4.125,4.0
457,4.0069203,289.0
458,3.0,5.0
459,2.625,4.0
460,2.3333333,3.0
461,4.3333335,3.0
462,3.0,1.0
463,3.1666667,3.0
464,2.857143,14.0
465,3.3,5.0
466,3.0958905,73.0
467,2.8,5.0
468,3.054054,37.0
469,3.35,10.0
470,2.5,2.0
471,3.7,60.0
472,2.3333333,3.0
473,2.5833333,6.0
474,3.7067308,104.0
475,3.6842105,57.0
477,3.6785715,28.0
478,2.0,1.0
479,3.5,7.0
480,3.6679688,384.0
481,3.1833334,30.0
482,3.7222223,9.0
484,3.25,8.0
485,2.7922077,77.0
486,2.9285715,7.0
487,2.3333333,3.0
488,2.6666667,3.0
489,3.2222223,9.0
490,3.0,9.0
491,3.5789473,38.0
492,4.173913,23.0
493,3.6578948,19.0
494,3.2407408,54.0
495,3.75,4.0
496,2.5,2.0
497,3.7115386,52.0
498,3.25,2.0
500,3.3725963,208.0
501,4.071429,14.0
502,2.173913,23.0
504,3.6666667,9.0
505,2.2777777,9.0
506,3.25,4.0
507,3.7058823,17.0
508,3.7109375,128.0
509,3.4753087,81.0
510,3.6,5.0
511,3.142857,7.0
512,2.5,5.0
513,2.3333333,6.0
514,3.5925925,27.0
515,4.054348,46.0
516,3.3235295,17.0
517,2.9772727,22.0
518,3.1,5.0
519,2.0689654,29.0
520,3.1489363,94.0
521,4.375,8.0
522,3.3333333,6.0
523,3.3333333,6.0
524,3.4210527,38.0
525,3.25,2.0
526,2.5,2.0
527,4.2616706,407.0
528,3.0714285,7.0
529,3.8125,48.0
531,3.6222222,45.0
532,3.0344827,29.0
533,3.0294118,17.0
534,4.0208335,24.0
535,3.6304348,23.0
536,5.0,1.0
537,2.375,8.0
538,3.3809524,21.0
539,3.4461079,167.0
540,2.357143,28.0
541,4.1077237,246.0
542,2.7,15.0
543,3.115942,69.0
544,3.2857144,7.0
546,2.55,30.0
547,2.75,4.0
548,3.0,15.0
549,3.4,5.0
550,3.0,22.0
551,3.6523438,128.0
552,3.2083333,84.0
553,3.8253012,83.0
554,3.0,2.0
555,3.8072917,96.0
556,3.75,8.0
558,2.95,10.0
559,3.0,1.0
561,3.0,1.0
562,3.6304348,23.0
563,3.5,2.0
564,3.0,2.0
565,3.5833333,6.0
566,3.0,1.0
567,3.0,4.0
568,4.0,1.0
569,2.6,5.0
571,5.0,1.0
573,3.5,2.0
574,3.55,10.0
575,2.95,20.0
577,3.25,6.0
580,3.0,2.0
581,4.1153846,13.0
582,2.0,1.0
585,2.7777777,54.0
586,3.3471503,193.0
587,3.4714286,175.0
588,3.7361112,252.0
589,3.9666667,330.0
590,3.7291667,240.0
592,3.5607288,247.0
593,4.1121283,437.0
594,3.4789474,95.0
595,3.59375,240.0
596,3.485294,68.0
597,3.4014423,208.0
599,4.075,20.0
600,1.0,1.0
601,1.0,1.0
602,4.0,1.0
605,3.3333333,24.0
606,3.2,5.0
608,4.0456204,274.0
609,3.2142856,14.0
610,3.5925925,27.0
611,2.3125,8.0
612,2.375,4.0
613,3.6,10.0
614,1.5,2.0
615,4.3333335,3.0
616,3.265625,32.0
617,3.0,1.0
619,3.3333333,3.0
621,4.5,1.0
626,2.8333333,6.0
627,3.5,8.0
628,3.752809,89.0
630,5.0,1.0
631,2.75,18.0
632,2.0,1.0
633,2.0,2.0
634,4.0,2.0
635,3.0833333,6.0
637,2.3703704,27.0
638,3.0,1.0
639,2.5,8.0
640,3.0,9.0
645,4.0,1.0
647,3.64,50.0
648,3.3856502,223.0
650,3.2142856,7.0
652,3.0,1.0
653,3.1666667,69.0
656,3.0,5.0
659,4.25,4.0
661,3.2575758,66.0
662,3.3125,8.0
663,3.6190476,21.0
664,2.0,1.0
665,3.75,4.0
666,3.0,1.0
667,2.5714285,7.0
668,4.0,7.0
670,4.5,2.0
671,3.7916667,36.0
673,2.738806,67.0
674,2.8421052,19.0
678,3.9375,8.0
680,2.6666667,3.0
681,3.75,2.0
682,3.0,1.0
685,3.0,1.0
688,2.5769231,13.0
690,4.0,1.0
691,3.8,5.0
692,1.0,2.0
694,3.4545455,11.0
695,4.4,5.0
697,2.9375,8.0
700,3.2916667,12.0
702,4.3,5.0
703,2.6666667,3.0
704,2.7916667,12.0
705,4.0,2.0
707,3.2083333,24.0
708,3.2696629,89.0
709,3.5277777,18.0
710,3.2,5.0
711,2.6,15.0
714,3.4722223,18.0
715,2.8,5.0
716,5.0,1.0
718,3.357143,7.0
719,2.9305556,36.0
720,4.1511626,43.0
722,4.0,1.0
724,3.2870371,54.0
725,2.5555556,9.0
726,2.6,5.0
728,3.8888888,18.0
731,3.4,5.0
732,3.0,2.0
733,3.6176472,170.0
735,3.4166667,6.0
736,3.1203208,187.0
737,2.03125,16.0
741,4.0869565,69.0
742,2.375,8.0
743,2.4807692,26.0
745,4.05625,80.0
747,2.375,8.0
748,3.4545455,22.0
750,4.286982,169.0
753,4.0,2.0
754,3.0,1.0
755,3.625,4.0
757,4.0,1.0
759,4.5,2.0
760,3.4,5.0
761,2.264706,17.0
762,2.5333333,45.0
764,2.75,2.0
765,3.0,31.0
766,3.9166667,6.0
767,5.0,1.0
769,3.0,1.0
771,3.0,1.0
775,3.3333333,3.0
778,4.063158,190.0
779,2.6,5.0
780,3.4580536,298.0
781,3.3181818,11.0
782,2.7857144,7.0
783,3.4207318,82.0
784,2.7432432,74.0
785,3.375,64.0
786,2.9894736,95.0
788,2.8090909,110.0
793,4.0,1.0
795,3.0,1.0
798,2.5,12.0
799,3.5657895,38.0
800,3.9571428,35.0
801,2.3888888,9.0
802,3.4805195,77.0
803,4.1,5.0
804,2.857143,14.0
805,3.8,65.0
806,2.125,4.0
808,2.875,4.0
809,3.25,4.0
810,2.1363637,11.0
813,3.0,3.0
816,5.0,1.0
818,3.2,15.0
823,3.0,2.0
824,4.0,1.0
828,3.3888888,9.0
829,2.75,8.0
830,3.3461537,39.0
831,5.0,1.0
832,3.4666667,75.0
833,2.75,4.0
834,3.0,2.0
835,3.0,10.0
836,2.7708333,24.0
837,3.9807692,26.0
838,3.8723404,47.0
839,2.8695652,23.0
840,1.875,4.0
841,4.0,4.0
842,3.0416667,12.0
844,4.3333335,3.0
846,0.5,1.0
847,5.0,1.0
848,3.7727273,11.0
849,2.7596154,52.0
850,4.0,1.0
851,3.375,12.0
852,3.1517856,56.0
856,2.5,1.0
858,4.3772187,338.0
860,3.5,7.0
861,3.45,10.0
862,1.0,1.0
865,4.0,3.0
866,3.5357144,42.0
867,1.25,4.0
869,3.5833333,6.0
870,2.6666667,3.0
872,3.0,1.0
875,3.25,2.0
876,3.125,4.0
877,3.25,2.0
879,2.6538463,13.0
880,2.5535715,28.0
881,2.375,4.0
882,2.6666667,3.0
884,3.0,1.0
885,2.125,8.0
886,3.0416667,12.0
889,5.0,1.0
891,2.5769231,13.0
892,4.0625,8.0
893,4.3,5.0
896,4.5,1.0
897,3.3,5.0
898,4.081081,37.0
899,4.17,50.0
900,3.9782608,23.0
901,4.0,5.0
902,3.9605262,38.0
903,4.2731957,97.0
904,4.1131387,137.0
905,4.0689654,29.0
906,4.107143,14.0
907,4.071429,7.0
908,4.2649574,117.0
909,4.1,35.0
910,4.0928574,70.0
911,3.6,15.0
912,4.193939,165.0
913,4.2011495,87.0
914,3.8985507,69.0
915,3.4038463,26.0
916,4.0,38.0
917,3.5,6.0
918,3.9285715,14.0
919,3.997006,167.0
920,3.8235295,85.0
921,4.0666666,15.0
922,4.4605265,38.0
923,4.0603447,116.0
924,3.9942858,175.0
926,4.224138,29.0
927,3.6,5.0
928,4.2380953,21.0
929,4.0,5.0
930,4.2272725,33.0
931,3.9615386,13.0
932,3.5333333,15.0
933,3.7096775,31.0
934,3.4047618,21.0
935,4.1,5.0
936,3.909091,11.0
937,4.0833335,6.0
938,3.55,10.0
940,4.0833335,24.0
941,3.2,5.0
942,3.8214285,14.0
943,3.9230769,13.0
944,3.8333333,12.0
945,4.214286,7.0
946,4.25,8.0
947,4.1875,8.0
948,3.75,10.0
949,3.5833333,6.0
950,4.05,20.0
951,3.8448277,29.0
952,3.5714285,14.0
953,4.1904764,84.0
954,3.6666667,30.0
955,3.9571428,35.0
956,2.5,2.0
957,4.0,2.0
958,3.0,1.0
959,3.3333333,3.0
960,3.5,2.0
963,3.6666667,3.0
964,4.0,1.0
965,3.9615386,26.0
966,2.0,1.0
967,3.0,1.0
968,3.7843137,51.0
969,4.254717,53.0
970,2.5,1.0
971,3.868421,19.0
972,2.5,1.0
973,3.5,6.0
976,2.0,3.0
982,4.0,3.0
984,1.0,1.0
986,3.9166667,12.0
987,2.5,3.0
988,3.0,4.0
990,3.0,2.0
991,3.1875,8.0
992,1.0,1.0
994,3.984375,32.0
996,3.0833333,18.0
998,3.642857,7.0
999,3.340909,22.0
1000,5.0,1.0
1002,3.0,1.0
1003,3.2857144,7.0
1004,2.85,10.0
1005,2.05,10.0
1006,3.0625,8.0
1007,2.375,8.0
1008,3.0,4.0
1009,3.2777777,18.0
1010,3.1,20.0
1011,2.6666667,9.0
1012,3.75,10.0
1013,3.4166667,30.0
1014,3.7142856,7.0
1015,3.175,20.0
1016,3.357143,7.0
1017,3.7045455,22.0
1018,3.5,7.0
1019,3.484375,32.0
1020,3.2096775,31.0
1021,2.775,20.0
1022,3.6981132,53.0
1023,3.764706,17.0
1024,3.1111112,9.0
1025,3.5689654,29.0
1027,3.397436,39.0
1028,3.7356322,87.0
1029,3.35,50.0
1030,2.9375,24.0
1031,3.368421,19.0
1032,3.6538463,52.0
1033,3.5384614,26.0
1034,3.1153846,13.0
1035,3.8833334,90.0
1036,4.002041,245.0
1037,2.8783784,37.0
1038,2.0,1.0
1041,4.030303,33.0
1042,3.2307692,39.0
1043,2.3,5.0
1044,2.4,5.0
1046,4.75,2.0
1047,3.392857,42.0
1049,3.4565217,23.0
1050,3.8333333,6.0
1051,3.5555556,9.0
1053,3.5,1.0
1054,3.3,5.0
1055,3.5,4.0
1056,3.75,4.0
1057,3.5833333,18.0
1059,3.4714286,70.0
1060,3.9134614,52.0
1061,3.6938775,49.0
1063,2.5,2.0
1066,4.142857,7.0
1067,5.0,2.0
1068,3.8333333,3.0
1069,4.4,5.0
1073,3.7905405,148.0
1075,3.0,1.0
1076,4.5,2.0
1077,3.8333333,42.0
1078,3.94,25.0
1079,3.8,105.0
1080,3.848,125.0
1081,3.2083333,12.0
1082,3.6818182,11.0
1083,3.4,5.0
1084,3.9761906,42.0
1085,3.5,4.0
1086,4.133333,30.0
1087,4.0,2.0
1088,3.1933334,75.0
1089,4.1303315,211.0
1090,3.7990654,107.0
1091,2.6875,32.0
1092,3.452381,63.0
1093,3.0394738,38.0
1094,3.695122,82.0
1095,3.7564104,39.0
1096,4.1153846,26.0
1097,3.67757,214.0
1098,3.0,1.0
1099,3.5,11.0
1100,2.8333333,21.0
1101,3.2969925,133.0
1103,3.5892856,28.0
1104,4.0,37.0
1105,1.0,1.0
1107,1.0,1.0
1111,4.423077,13.0
1112,3.0,1.0
1113,3.6666667,3.0
1114,3.4,5.0
1117,3.75,2.0
1119,4.0,1.0
1120,3.5625,48.0
1123,1.0,1.0
1124,4.133333,15.0
1125,3.5588236,34.0
1126,2.1923077,13.0
1127,3.7168674,83.0
1128,3.2083333,12.0
1129,3.5916667,60.0
1130,3.1,15.0
1131,4.071429,21.0
1132,4.117647,17.0
1134,3.0,1.0
1135,2.6666667,21.0
1136,4.125523,239.0
1137,5.0,1.0
1145,3.0,1.0
1147,4.0,19.0
1148,4.0272727,110.0
1149,2.0,1.0
1150,3.7222223,9.0
1151,3.75,2.0
1154,3.0,1.0
1161,4.1666665,3.0
1162,4.5,4.0
1163,3.6666667,3.0
1167,3.0,4.0
1168,1.0,1.0
1169,4.0,1.0
1170,2.5,2.0
1171,3.53125,16.0
1172,4.1320753,53.0
1173,2.925,20.0
1175,4.1,40.0
1176,3.8636363,11.0
1177,4.1,10.0
1178,4.293103,29.0
1179,3.640625,32.0
1180,4.3333335,3.0
1181,4.0,1.0
1183,3.522472,89.0
1184,4.25,4.0
1185,3.9871795,39.0
1186,3.5714285,35.0
1187,4.125,4.0
1188,3.8285713,35.0
1189,4.25,16.0
1190,3.65,10.0
1191,3.0,9.0
1192,4.1875,8.0
1193,4.2697096,241.0
1194,3.3333333,12.0
1196,4.092208,385.0
1197,4.111607,224.0
1198,4.064516,341.0
1199,4.120482,83.0
1200,4.164865,185.0
1201,4.1583333,120.0
1202,3.5769231,13.0
1203,4.1372547,102.0
1204,4.1594205,69.0
1206,4.1122994,187.0
1207,4.164835,91.0
1208,4.0709457,148.0
1209,4.12069,29.0
1210,4.067989,353.0
1211,4.263158,19.0
1212,3.8942308,52.0
1213,4.1973095,223.0
1214,4.1367345,245.0
1215,3.6933334,75.0
1216,3.8888888,9.0
1217,4.2272725,33.0
1218,4.3,10.0
1219,4.1,135.0
1220,3.8155737,122.0
1221,4.1625614,203.0
1222,4.0248446,161.0
1223,4.1372547,51.0
1224,4.105263,38.0
1225,4.1106195,113.0
1226,3.9642856,14.0
1227,3.7575758,33.0
1228,4.105263,57.0
1230,4.004717,106.0
1231,3.7272727,44.0
1232,3.9,10.0
1233,4.1411767,85.0
1234,4.2371135,97.0
1235,4.081395,43.0
1236,4.0,2.0
1237,4.16,25.0
1238,4.230769,13.0
1240,3.8535564,239.0
1241,2.909091,11.0
1242,4.0422535,71.0
1243,3.7058823,17.0
1244,4.090909,66.0
1245,3.952381,42.0
1246,3.8986928,153.0
1247,4.0307016,114.0
1248,4.1,20.0
1249,3.971698,53.0
1250,4.0915494,71.0
1251,3.5789473,19.0
1252,4.12766,94.0
1253,3.8625,40.0
1254,4.0576925,26.0
1255,3.2307692,13.0
1256,4.0694447,36.0
1257,4.0,26.0
1258,4.0785713,210.0
1259,3.949367,158.0
1260,4.080645,31.0
1261,3.8877552,49.0
1262,4.126984,63.0
1263,3.8985507,69.0
1264,3.7333333,15.0
1265,3.9023905,251.0
1266,4.1490383,104.0
1267,4.0634923,63.0
1268,3.8095238,21.0
1269,4.0,42.0
1270,4.0109377,320.0
1271,3.847826,46.0
1272,4.1595745,47.0
1273,4.285714,14.0
1274,3.982143,56.0
1275,3.837838,74.0
1276,4.1571426,70.0
1277,3.6153846,26.0
1278,3.9369369,111.0
1279,3.9705882,17.0
1280,4.0833335,12.0
1281,3.875,28.0
1282,3.6944444,72.0
1283,4.1944447,18.0
1284,4.233333,30.0
1285,3.6478872,71.0
1286,3.6538463,13.0
1287,3.7578125,64.0
1288,3.970297,101.0
1289,4.105263,19.0
1290,3.2307692,13.0
1291,3.9356222,233.0
1292,4.0641026,39.0
1293,3.6694915,59.0
1295,3.5,17.0
1296,4.042857,35.0
1297,3.4,20.0
1298,3.5555556,36.0
1299,4.0609756,41.0
1300,3.7045455,22.0
1301,3.868421,19.0
1302,3.898734,79.0
1303,4.02,25.0
1304,4.1043954,91.0
1305,3.7045455,22.0
1306,3.35,10.0
1307,3.766187,139.0
1310,4.75,4.0
1311,2.5,2.0
1312,4.0,3.0
1320,3.2631578,76.0
1321,3.67,50.0
1322,1.5,2.0
1323,1.6666666,3.0
1324,2.0,1.0
1325,1.5,2.0
1326,2.25,2.0
1327,3.0555556,18.0
1328,2.25,4.0
1329,3.5,2.0
1330,3.25,6.0
1332,2.6666667,3.0
1333,3.8243244,74.0
1334,3.3846154,13.0
1335,1.5,2.0
1336,2.1666667,3.0
1337,2.8,5.0
1339,3.612903,62.0
1340,4.111111,9.0
1341,3.5,2.0
1342,3.368421,19.0
1343,3.5,39.0
1344,3.625,20.0
1345,3.5357144,56.0
1346,2.8333333,9.0
1347,3.1744187,43.0
1348,3.575,20.0
1350,3.6290324,31.0
1351,2.0,2.0
1352,1.8333334,3.0
1353,3.0,11.0
1354,3.5757575,33.0
1355,3.0714285,7.0
1356,3.4956522,115.0
1357,3.9803922,51.0
1358,3.8541667,72.0
1359,2.3695652,23.0
1360,3.0,1.0
1361,4.0555553,9.0
1363,3.2,10.0
1365,3.142857,7.0
1366,3.7916667,12.0
1367,3.1181817,55.0
1369,3.75,2.0
1370,3.5344827,87.0
1371,3.0769231,65.0
1372,3.3783784,74.0
1373,2.784091,44.0
1374,3.766355,107.0
1375,3.2142856,49.0
1376,3.6728394,81.0
1377,3.1627908,86.0
1378,3.195122,41.0
1379,3.125,20.0
1380,3.4787233,94.0
1381,1.8333334,15.0
1382,2.3125,8.0
1383,2.5,2.0
1384,5.0,1.0
1385,3.212766,47.0
1387,3.914179,134.0
1388,2.1730769,26.0
1389,1.0625,8.0
1390,3.142857,7.0
1391,2.9954545,110.0
1392,3.25,12.0
1393,3.513986,143.0
1394,3.764706,68.0
1395,3.5,9.0
1396,3.556338,71.0
1398,4.0,8.0
1399,3.5,9.0
1401,3.1,5.0
1404,4.0,2.0
1405,2.6875,48.0
1406,5.0,1.0
1407,3.3316326,98.0
1408,3.7532468,77.0
1409,3.012195,41.0
1410,2.5,6.0
1411,4.117647,34.0
1413,3.0,1.0
1414,2.9285715,7.0
1416,2.8541667,24.0
1417,2.5833333,6.0
1419,3.8333333,6.0
1421,4.5,1.0
1422,2.892857,14.0
1423,5.0,1.0
1425,2.4,5.0
1427,2.0,3.0
1428,3.0,1.0
1429,3.2380953,21.0
1430,3.0,1.0
1431,2.8235295,17.0
1432,3.8,5.0
1436,3.5,2.0
1437,3.5,2.0
1438,2.5,35.0
1439,3.0,2.0
1440,2.625,4.0
1441,3.6607144,28.0
1442,2.8888888,9.0
1445,1.75,4.0
1446,4.2941175,17.0
1447,3.142857,7.0
1449,3.953125,32.0
1450,3.4166667,6.0
1453,2.6,5.0
1454,4.0,4.0
1455,5.0,1.0
1456,2.0,5.0
1457,3.4545455,11.0
1458,3.3333333,3.0
1459,3.3947368,19.0
1460,2.25,4.0
1461,2.6666667,15.0
1463,3.3333333,3.0
1464,4.138889,18.0
1465,3.142857,7.0
1466,3.852459,61.0
1468,2.0,5.0
1471,5.0,1.0
1472,3.0,4.0
1474,2.142857,7.0
1475,3.25,4.0
1476,3.4848485,33.0
1479,3.2325583,43.0
1480,3.5416667,12.0
1482,2.875,4.0
1483,2.6363637,22.0
1484,4.2,5.0
1485,3.4025424,118.0
1487,3.1363637,11.0
1488,3.0357144,14.0
1489,4.0,1.0
1490,1.75,2.0
1493,4.0,1.0
1495,1.5,4.0
1496,2.5,2.0
1497,1.875,4.0
1498,2.857143,7.0
1499,2.2142856,42.0
1500,3.9096386,83.0
1501,2.25,2.0
1503,3.8333333,3.0
1504,4.0,1.0
1507,4.0,1.0
1508,5.0,1.0
1509,3.0,1.0
1513,3.1463416,41.0
1514,4.0,1.0
1515,2.7941177,17.0
1516,3.0,3.0
1517,3.516129,124.0
1518,3.4210527,19.0
1520,2.0,1.0
1523,4.25,2.0
1525,1.0,1.0
1526,1.5,3.0
1527,3.75,208.0
1533,4.5,2.0
1535,3.6666667,3.0
1537,3.9782608,23.0
1539,2.8333333,3.0
1541,3.0,7.0
1542,3.7777777,9.0
1544,2.9536083,97.0
1545,5.0,1.0
1546,4.5,2.0
1549,4.0,1.0
1550,2.7,5.0
1551,3.75,4.0
1552,3.2087379,103.0
1554,3.5,7.0
1556,1.54,25.0
1562,2.4827585,58.0
1563,3.25,2.0
1564,3.5,2.0
1566,3.554054,37.0
1567,4.0,1.0
1569,3.310345,58.0
1570,2.5,2.0
1571,3.1666667,3.0
1572,4.071429,7.0
1573,3.3255813,129.0
1575,4.0,1.0
1580,3.5844748,219.0
1581,2.0,2.0
1582,3.2,5.0
1583,5.0,1.0
1584,3.6270492,122.0
1586,2.9693878,49.0
1587,3.1836734,49.0
1588,2.9736843,19.0
1589,3.62,25.0
1590,2.8695652,46.0
1591,2.9027777,36.0
1592,2.0625,8.0
1593,2.9166667,6.0
1594,3.8181818,11.0
1595,1.0,1.0
1596,3.1,5.0
1597,3.3804348,46.0
1598,3.3333333,3.0
1599,1.25,2.0
1600,3.3333333,3.0
1601,3.25,4.0
1602,1.5,4.0
1603,3.1333334,15.0
1604,2.25,4.0
1605,2.0,6.0
1606,1.6666666,3.0
1608,3.2816093,87.0
1609,3.0833333,6.0
1610,3.9198472,131.0
1611,4.111111,9.0
1612,1.0,1.0
1613,3.8333333,3.0
1614,3.04,25.0
1615,3.25,20.0
1616,2.982143,28.0
1617,4.185065,154.0
1619,3.375,28.0
1620,3.3269231,26.0
1621,3.3333333,3.0
1623,2.8333333,6.0
1624,3.0,2.0
1625,3.8405797,138.0
1626,2.0,6.0
1627,2.7222223,9.0
1629,2.1666667,3.0
1631,3.3333333,6.0
1633,4.0,12.0
1635,3.72,25.0
1639,3.5059524,84.0
1640,2.3333333,3.0
1641,3.7575758,99.0
1642,3.0,1.0
1643,3.9285715,21.0
1644,2.419355,31.0
1645,3.3563218,87.0
1646,2.25,2.0
1647,3.5,2.0
1648,4.0,4.0
1649,4.0,3.0
1650,3.0,3.0
1651,3.2,5.0
1653,3.858209,134.0
1654,2.857143,7.0
1655,2.25,8.0
1656,4.0,1.0
1658,3.2,10.0
1660,3.0,1.0
1661,3.1666667,3.0
1662,5.0,1.0
1663,3.819149,47.0
1665,2.9117646,17.0
1667,3.0,5.0
1670,3.0,3.0
1672,3.2727273,22.0
1673,3.5448718,78.0
1674,4.029412,51.0
1675,2.0,1.0
1676,3.3913043,115.0
1678,3.732143,28.0
1679,1.0,1.0
1680,3.3225806,31.0
1681,1.7058823,17.0
1682,3.9533334,225.0
1683,3.4583333,12.0
1684,2.5,2.0
1685,4.0,1.0
1686,2.5555556,9.0
1687,3.1206896,29.0
1688,3.2297297,37.0
1689,2.7083333,12.0
1690,2.8650794,63.0
1692,4.5,1.0
1693,3.6206896,29.0
1694,3.6111112,18.0
1699,3.8333333,3.0
1701,3.525,20.0
1702,2.4833333,30.0
1703,2.7,5.0
1704,4.108949,257.0
1707,2.2631578,19.0
1711,3.2916667,24.0
1713,3.15625,16.0
1715,3.0,1.0
1717,2.5769231,39.0
1719,4.2647057,17.0
1721,3.374,250.0
1722,3.4416666,60.0
1725,5.0,1.0
1726,2.6785715,14.0
1727,3.3333333,9.0
1729,3.7916667,72.0
1730,3.8333333,9.0
1731,2.3,5.0
1732,4.0333333,180.0
1733,1.0,1.0
1734,4.0,5.0
1735,3.2115386,26.0
1739,1.1363636,11.0
1743,1.0,1.0
1744,2.3333333,3.0
1746,2.0,2.0
1747,3.4338236,68.0
1748,3.7089553,67.0
1750,4.0,2.0
1752,2.5666666,15.0
1753,3.2272727,11.0
1754,3.25,16.0
1755,3.6666667,6.0
1756,2.5,4.0
1757,2.9375,8.0
1760,2.5526316,19.0
1762,3.375,4.0
1767,4.0,1.0
1769,3.125,8.0
1770,2.5,2.0
1771,2.75,2.0
1772,2.59375,16.0
1773,1.0,1.0
1777,3.4139786,93.0
1779,2.9615386,39.0
1780,5.0,1.0
1783,3.5,2.0
1784,3.642857,133.0
1785,3.5,8.0
1788,3.25,4.0
1791,2.6666667,6.0
1792,3.357143,28.0
1794,3.7,10.0
1797,3.9615386,13.0
1799,3.0833333,12.0
1801,3.1571429,35.0
1804,3.5,2.0
1805,3.108108,37.0
1806,2.6666667,3.0
1807,3.5,2.0
1809,4.428571,7.0
1810,3.44,25.0
1812,3.5,3.0
1814,5.0,1.0
1816,2.6666667,3.0
1821,3.125,12.0
1822,2.0,2.0
1824,2.375,4.0
1825,4.0,1.0
1826,0.8333333,3.0
1827,3.7857144,7.0
1829,3.5,2.0
1831,2.512195,41.0
1833,2.9583333,24.0
1834,3.8846154,26.0
1835,3.2714286,35.0
1836,3.65,10.0
1837,2.0,3.0
1839,2.5,2.0
1840,3.2142856,7.0
1841,3.0,1.0
1844,3.6,10.0
1845,3.3,10.0
1846,4.75,2.0
1848,3.1666667,9.0
1849,1.0,1.0
1853,2.25,2.0
1854,2.0,3.0
1855,1.8333334,3.0
1856,3.5,5.0
1858,5.0,1.0
1859,4.1666665,3.0
1860,4.0,2.0
1861,2.0,1.0
1862,1.8125,8.0
1863,2.55,10.0
1865,4.25,2.0
1866,3.25,4.0
1867,1.5,2.0
1869,2.1666667,3.0
1870,3.0,2.0
1873,3.5,20.0
1874,4.5,1.0
1875,3.2777777,9.0
1876,3.0,72.0
1880,3.5,2.0
1881,3.0,3.0
1882,2.2659574,47.0
1883,3.4729729,37.0
1884,3.8245614,57.0
1885,3.3,20.0
1887,3.875,4.0
1888,2.9375,16.0
1889,3.45,10.0
1890,2.0,1.0
1892,3.3333333,18.0
1893,4.5,2.0
1894,2.913793,29.0
1895,3.2777777,18.0
1896,3.5,2.0
1897,3.5,5.0
1900,3.7142856,7.0
1902,2.0,1.0
1903,2.25,2.0
1904,3.5,2.0
1906,4.0,1.0
1907,3.8,85.0
1909,3.4785714,70.0
1910,3.0,3.0
1911,2.825,40.0
1912,3.5131578,38.0
1913,3.6875,8.0
1914,3.5,10.0
1916,4.0277777,18.0
1917,3.1030533,131.0
1918,3.1836734,49.0
1919,3.5,2.0
1920,2.9047618,21.0
1921,3.7413793,58.0
1922,2.5,2.0
1923,3.5451808,166.0
1924,1.8666667,15.0
1925,4.0,2.0
1926,2.75,2.0
1927,4.6666665,6.0
1928,3.5,3.0
1929,4.0,3.0
1930,3.0,1.0
1931,3.5555556,9.0
1933,3.5,1.0
1934,3.7857144,7.0
1935,4.25,6.0
1936,3.9,5.0
1937,3.3333333,3.0
1938,4.0,10.0
1939,4.2916665,12.0
1940,3.5,2.0
1941,4.3333335,3.0
1942,3.3333333,6.0
1943,3.3333333,3.0
1944,4.0,14.0
1945,4.144737,38.0
1946,4.1666665,9.0
1947,3.689394,66.0
1948,3.5714285,7.0
1949,3.6111112,18.0
1950,3.9629629,27.0
1951,3.6666667,18.0
1952,4.013158,38.0
1953,3.9322033,59.0
1954,3.72,100.0
1955,3.325,20.0
1956,3.6,25.0
1957,4.0,27.0
1958,3.0892856,28.0
1959,3.4615386,26.0
1960,3.9418604,43.0
1961,3.8053691,149.0
1962,3.8108108,37.0
1963,3.825,20.0
1964,3.4,10.0
1965,3.5333333,30.0
1966,3.409091,11.0
1967,3.77,50.0
1968,3.7453988,163.0
1969,3.1333334,15.0
1970,2.6,15.0
1971,2.5263157,19.0
1972,1.8461539,13.0
1973,2.6875,8.0
1974,3.152174,23.0
1975,3.0,10.0
1976,1.8888888,9.0
1977,2.9375,8.0
1978,3.375,4.0
1979,2.3333333,6.0
1980,2.0,10.0
1981,1.5,6.0
1982,3.597561,41.0
1983,2.6111112,9.0
1984,2.4166667,6.0
1985,2.4285715,14.0
1986,3.25,4.0
1987,2.25,2.0
1988,1.3333334,3.0
1989,0.75,2.0
1991,3.0625,16.0
1992,2.3636363,11.0
1993,1.8333334,6.0
1994,3.7017543,57.0
1995,3.0,9.0
1996,1.7777778,9.0
1997,3.7293577,109.0
1998,1.9,5.0
1999,3.1,5.0
2000,3.6822033,118.0
2001,3.3203125,64.0
2002,3.2735848,53.0
2003,3.3333333,75.0
2004,2.5,35.0
2005,3.7025316,79.0
2006,3.203125,96.0
2007,2.0,4.0
2009,3.764706,17.0
2010,3.8648648,37.0
2011,3.6098485,132.0
2012,3.3835616,146.0
2013,3.439394,33.0
2014,3.1666667,12.0
2015,3.357143,14.0
2016,3.0,2.0
2017,3.25,8.0
2018,3.2826087,46.0
2019,4.27907,86.0
2020,3.7857144,35.0
2021,2.887931,58.0
2022,3.735294,17.0
2023,3.5461538,65.0
2024,3.3333333,3.0
2025,3.8888888,9.0
2026,2.0833333,6.0
2027,1.9,5.0
2028,4.043919,296.0
2029,3.0,5.0
2031,3.0,1.0
2033,3.2,10.0
2034,2.5555556,9.0
2035,3.0,1.0
2036,2.625,8.0
2037,4.0,2.0
2038,3.0,3.0
2040,3.0,7.0
2041,2.75,8.0
2042,2.8181818,11.0
2043,2.6666667,3.0
2044,3.0,2.0
2045,2.25,2.0
2046,3.2058823,34.0
2048,3.6111112,9.0
2049,2.0,3.0
2050,2.4545455,11.0
2051,3.0833333,6.0
2052,3.735294,17.0
2053,2.4285715,28.0
2054,2.902174,92.0
2055,4.0,1.0
2056,3.0,1.0
2057,3.2,5.0
2058,3.6477273,44.0
2059,3.5925925,27.0
2060,2.875,12.0
2062,3.0,4.0
2064,3.8428571,35.0
2065,3.9038463,26.0
2066,4.2222223,9.0
2067,3.7820513,39.0
2068,3.9545455,11.0
2069,3.1666667,6.0
2070,3.7777777,9.0
2071,4.75,4.0
2072,3.2142856,21.0
2073,2.3333333,3.0
2074,3.5,2.0
2075,4.0,2.0
2076,3.8189654,58.0
2077,4.0,5.0
2078,3.6147542,61.0
2080,3.515873,63.0
2081,3.7032967,91.0
2082,2.969697,33.0
2083,3.46,25.0
2084,4.0,6.0
2085,3.4923077,65.0
2086,3.0,1.0
2087,3.5306122,49.0
2088,2.326087,23.0
2089,3.5,12.0
2090,3.1176472,17.0
2091,3.0,4.0
2093,3.71875,16.0
2094,2.9186046,43.0
2095,3.0,2.0
2096,3.857143,35.0
2097,3.85,10.0
2098,3.1666667,3.0
2099,3.5,5.0
2100,3.1044776,67.0
2102,3.6363637,11.0
2103,2.5,2.0
2104,2.8333333,3.0
2105,3.347826,69.0
2106,3.5833333,6.0
2107,2.6666667,18.0
2108,3.5,28.0
2109,3.9215686,51.0
2110,3.5454545,11.0
2111,3.0,16.0
2112,3.6111112,18.0
2113,2.4166667,6.0
2114,3.4230769,26.0
2115,3.6449704,169.0
2116,2.8333333,33.0
2117,3.25,20.0
2118,3.3947368,19.0
2119,2.35,10.0
2120,3.0625,8.0
2121,2.75,10.0
2122,2.7058823,17.0
2123,2.8461537,13.0
2124,3.28,50.0
2125,3.891892,37.0
2126,2.5961537,26.0
2128,4.0,1.0
2130,4.0,6.0
2131,3.1666667,3.0
2132,4.3,25.0
2133,3.1764705,17.0
2134,3.4512196,41.0
2135,3.4,10.0
2136,3.0789473,19.0
2137,3.621951,41.0
2138,3.7333333,15.0
2139,3.66,25.0
2140,3.8125,40.0
2141,3.25,30.0
2142,3.2307692,13.0
2143,3.5208333,24.0
2144,3.5564516,62.0
2145,3.0729167,48.0
2146,3.3235295,17.0
2147,2.4,5.0
2148,3.375,12.0
2149,1.5,2.0
2150,3.9186046,43.0
2151,3.35,10.0
2152,1.0,1.0
2153,2.25,12.0
2154,3.0,2.0
2155,3.25,14.0
2157,5.0,1.0
2159,3.25,6.0
2160,3.647541,61.0
2161,3.5070422,71.0
2162,2.5,12.0
2163,2.7222223,18.0
2164,1.0,1.0
2165,2.8333333,6.0
2166,3.75,2.0
2167,3.317073,82.0
2168,5.0,1.0
2169,2.9375,8.0
2170,3.1111112,9.0
2171,3.1666667,9.0
2173,4.214286,7.0
2174,3.5524194,124.0
2176,4.0,16.0
2177,3.375,4.0
2178,3.5,9.0
2179,3.0,2.0
2180,3.0,1.0
2181,3.5,9.0
2182,3.5625,8.0
2183,3.7777777,18.0
2184,3.7222223,9.0
2185,3.6666667,3.0
2186,4.125,24.0
2187,3.5,2.0
2188,2.625,16.0
2189,5.0,2.0
2192,3.5,1.0
2193,3.2307692,52.0
2194,3.7578948,95.0
2195,2.5714285,7.0
2196,2.25,4.0
2197,2.0,1.0
2198,4.0,1.0
2202,4.0,8.0
2203,4.2894735,19.0
2204,4.2,5.0
2205,4.0,1.0
2206,3.3333333,6.0
2207,3.6666667,3.0
2208,4.0555553,9.0
2209,1.25,2.0
2211,3.25,4.0
2212,3.6,10.0
2214,3.25,2.0
2227,3.8333333,3.0
2231,3.7619047,42.0
2232,3.292683,41.0
2234,5.0,1.0
2236,3.3333333,9.0
2237,5.0,2.0
2238,2.0,1.0
2239,4.3333335,6.0
2240,3.7,15.0
2241,2.5,3.0
2242,2.0,1.0
2243,3.6444445,45.0
2245,3.0263157,19.0
2247,2.8333333,15.0
2248,4.0,50.0
2249,3.15,10.0
2250,3.5,2.0
2252,3.55,10.0
2253,2.65,20.0
2255,2.0,3.0
2256,2.1666667,3.0
2259,2.642857,7.0
2260,3.0,1.0
2261,3.375,4.0
2262,3.6538463,13.0
2263,3.15,10.0
2264,2.375,4.0
2265,3.25,2.0
2266,2.8,10.0
2267,2.5,3.0
2268,3.787234,94.0
2269,2.4411764,17.0
2271,3.5,2.0
2272,4.1666665,6.0
2273,3.3397436,78.0
2275,3.3333333,3.0
2276,2.6666667,3.0
2278,3.6796875,64.0
2279,2.4583333,12.0
2280,3.5,5.0
2282,2.8125,8.0
2283,3.0,2.0
2284,4.0,2.0
2285,3.5833333,6.0
2286,2.0,1.0
2287,3.25,2.0
2288,3.9632354,68.0
2289,3.892857,42.0
2290,3.75,4.0
2291,3.832,125.0
2292,2.0,1.0
2294,3.2407408,54.0
2295,3.0,3.0
2296,2.5,7.0
2297,3.2608695,23.0
2298,2.0,1.0
2300,4.0740743,27.0
2301,3.625,24.0
2302,3.710145,69.0
2303,3.4545455,11.0
2304,3.5,1.0
2306,3.0,4.0
2310,3.0,3.0
2311,3.375,16.0
2312,3.8888888,9.0
2313,3.7702703,37.0
2314,4.0,2.0
2315,2.5,11.0
2316,3.0833333,6.0
2318,3.8166666,30.0
2320,2.5,10.0
2321,3.6689188,74.0
2322,2.9615386,13.0
2324,4.23,150.0
2325,2.9,5.0
2327,2.5,3.0
2328,2.625,8.0
2329,4.1952662,169.0
2330,4.5,4.0
2331,4.0,8.0
2332,2.3333333,3.0
2333,4.0227275,22.0
2334,3.2666667,15.0
2335,2.923913,46.0
2336,3.7156863,51.0
2337,2.5833333,6.0
2338,2.2631578,19.0
2339,1.75,2.0
2340,3.4069767,43.0
2344,3.8461537,13.0
2345,4.5,2.0
2346,3.25,10.0
2347,3.0,2.0
2348,3.8,10.0
2349,3.5,4.0
2350,2.0,1.0
2351,4.3846154,13.0
2352,3.9655173,29.0
2353,3.6958764,97.0
2354,2.6111112,9.0
2355,3.6538463,143.0
2356,3.125,4.0
2357,4.2222223,9.0
2359,3.9107144,28.0
2360,4.0,19.0
2361,3.1111112,9.0
2362,3.25,2.0
2363,3.6666667,12.0
2364,2.5,7.0
2365,2.125,4.0
2366,3.275,40.0
2367,2.1764705,17.0
2368,1.0,2.0
2369,2.9,35.0
2370,3.5,7.0
2371,3.421875,32.0
2372,3.1153846,13.0
2373,2.3636363,11.0
2374,2.4444444,9.0
2375,2.52,25.0
2376,3.1333334,15.0
2377,3.625,4.0
2378,3.2105262,38.0
2379,2.5384614,13.0
2380,2.5,13.0
2381,1.6785715,14.0
2382,1.7,10.0
2383,1.6363636,11.0
2384,2.7142856,28.0
2385,3.0,5.0
2386,2.5,2.0
2387,2.625,12.0
2388,4.0,1.0
2389,2.9333334,15.0
2390,3.7083333,12.0
2391,3.6764705,34.0
2392,2.5,9.0
2393,3.025,40.0
2394,3.4081633,49.0
2395,3.9506173,81.0
2396,3.7716537,127.0
2397,3.0,1.0
2398,3.6363637,33.0
2399,2.0,8.0
2400,1.0,1.0
2401,3.55,20.0
2402,2.265625,32.0
2403,3.46875,48.0
2404,2.3214285,14.0
2405,3.1578948,38.0
2406,3.419753,81.0
2407,3.2340426,47.0
2408,3.0,11.0
2409,2.9651163,43.0
2410,3.175,20.0
2411,2.7894738,38.0
2412,2.275,20.0
2413,3.9583333,24.0
2414,3.5769231,13.0
2416,2.9642856,14.0
2417,2.5,2.0
2418,3.125,4.0
2419,3.5,2.0
2420,3.1632652,49.0
2421,2.7,35.0
2422,2.0,21.0
2423,3.3875,40.0
2424,3.1858974,78.0
2425,3.0,1.0
2426,3.5,1.0
2427,3.3229167,48.0
2428,2.8088236,34.0
2429,3.0769231,13.0
2430,3.2,5.0
2431,3.2045455,44.0
2432,3.3333333,9.0
2433,3.1176472,17.0
2434,2.0,1.0
2435,2.9,5.0
2436,3.5714285,7.0
2437,4.0,1.0
2439,3.9,5.0
2440,3.0,1.0
2442,3.2222223,9.0
2443,3.875,8.0
2445,2.1666667,3.0
2446,3.1666667,3.0
2447,3.0357144,14.0
2448,2.8,5.0
2450,2.1578948,19.0
2451,2.3333333,6.0
2453,2.5625,8.0
2454,3.2272727,22.0
2455,3.3333333,66.0
2456,1.7727273,11.0
2457,3.0,5.0
2458,2.4,5.0
2459,2.8333333,24.0
2460,1.25,2.0
2461,1.0,1.0
2462,2.1666667,6.0
2463,3.1956522,23.0
2464,3.0,1.0
2466,2.0,1.0
2467,4.0263157,38.0
2468,3.0357144,14.0
2469,3.3333333,24.0
2470,3.0266666,75.0
2471,2.74,25.0
2472,3.3,5.0
2473,3.25,4.0
2474,3.3055556,18.0
2475,2.5,3.0
2476,3.1666667,12.0
2478,3.108108,37.0
2479,3.5,2.0
2482,4.0,1.0
2483,3.357143,7.0
2485,2.9558823,34.0
2486,3.5,2.0
2487,1.25,2.0
2488,3.9285715,7.0
2490,3.45283,53.0
2491,3.0,3.0
2492,2.375,4.0
2493,4.0,1.0
2494,4.0,1.0
2495,4.1666665,6.0
2496,3.3333333,24.0
2497,2.642857,14.0
2498,2.375,8.0
2499,2.5,2.0
2500,1.7857143,7.0
2501,3.878049,41.0
2502,4.036496,137.0
2503,2.5,1.0
2504,2.6111112,9.0
2505,3.0,26.0
2506,3.357143,7.0
2507,2.0,2.0
2511,3.4,5.0
2513,3.1607144,28.0
2514,1.75,8.0
2515,1.7,5.0
2516,1.25,2.0
2517,1.875,8.0
2518,3.142857,7.0
2519,2.9166667,6.0
2520,3.375,8.0
2521,3.0,1.0
2522,3.3333333,6.0
2524,2.909091,22.0
2525,3.75,2.0
2526,2.75,4.0
2527,3.5,28.0
2528,3.4714286,35.0
2529,3.7171052,76.0
2530,2.84375,16.0
2531,2.5384614,13.0
2532,2.8214285,14.0
2533,2.7916667,24.0
2534,1.0,1.0
2535,2.357143,7.0
2536,2.0,2.0
2537,2.0,2.0
2539,3.15,50.0
2540,3.1666667,3.0
2541,3.4880953,42.0
2542,4.004237,118.0
2544,3.5,1.0
2545,5.0,1.0
2546,2.642857,7.0
2548,2.375,4.0
2549,2.2,5.0
2550,3.85,10.0
2551,3.7777777,9.0
2552,1.75,2.0
2553,3.7142856,7.0
2554,2.875,4.0
2555,1.75,4.0
2557,3.5,1.0
2558,2.7058823,17.0
2559,2.8333333,3.0
2560,3.1666667,6.0
2561,4.0,4.0
2562,3.5,3.0
2563,4.5,4.0
2565,3.82,25.0
2566,3.0,2.0
2567,3.0357144,14.0
2568,2.6,5.0
2570,3.25,4.0
2571,4.098826,511.0
2572,3.5555556,90.0
2573,3.2,5.0
2574,2.4,5.0
2575,3.8846154,13.0
2577,3.5,2.0
2579,3.9230769,13.0
2580,3.6470587,51.0
2581,2.9473684,38.0
2582,2.0,1.0
2583,3.7307692,13.0
2585,3.25,4.0
2587,2.6666667,6.0
2589,3.3333333,3.0
2590,4.0,1.0
2593,2.8333333,6.0
2594,3.7142856,7.0
2596,3.0555556,9.0
2597,1.8,5.0
2598,3.0833333,24.0
2599,3.8333333,90.0
2600,3.4347825,23.0
2605,3.0673077,52.0
2606,2.357143,7.0
2607,4.0,4.0
2609,5.0,1.0
2610,3.5,2.0
2611,3.85,10.0
2612,4.5833335,6.0
2613,2.7307692,13.0
2614,2.0,3.0
2615,2.6666667,3.0
2616,2.375,28.0
2617,3.1147542,122.0
2618,4.0555553,9.0
2621,3.0,1.0
2622,3.7,20.0
2624,4.0,5.0
2625,1.0,1.0
2626,3.5,1.0
2628,2.897436,195.0
2629,2.6,5.0
2630,1.0,1.0
2632,4.75,2.0
2633,3.3181818,11.0
2634,4.0,1.0
2636,2.75,2.0
2637,3.0,1.0
2638,1.6666666,3.0
2639,3.357143,7.0
2640,3.4146342,82.0
2641,3.2941177,51.0
2642,2.7391305,23.0
2643,1.88,25.0
2644,3.3666666,15.0
2646,2.6666667,3.0
2647,2.875,4.0
2648,4.0,24.0
2649,2.5,3.0
2650,2.5,1.0
2651,3.0,7.0
2652,3.0,1.0
2653,4.0,2.0
2654,4.8333335,3.0
2656,2.5,2.0
2657,3.5357144,70.0
2659,4.0,1.0
2660,3.8888888,9.0
2661,2.3333333,3.0
2662,3.4375,24.0
2664,3.6,25.0
2665,2.0,4.0
2666,3.5,1.0
2667,2.0,2.0
2668,2.5625,8.0
2669,3.0,2.0
2670,3.3333333,3.0
2671,3.3920455,88.0
2672,3.4545455,22.0
2674,2.0,1.0
2676,3.3181818,11.0
2677,4.1875,8.0
2678,3.5,2.0
2681,4.1,5.0
2682,3.4,5.0
2683,3.0384614,169.0
2686,3.9444444,36.0
2687,3.5357144,42.0
2688,3.076087,46.0
2689,3.0,1.0
2690,3.9333334,15.0
2691,3.75,6.0
2692,3.906542,107.0
2693,4.0,5.0
2694,3.0447762,67.0
2696,4.0,6.0
2697,4.0,1.0
2699,2.8055556,72.0
2700,3.65,90.0
2701,2.3636363,77.0
2702,3.2142856,14.0
2704,2.6875,8.0
2705,4.5,1.0
2706,3.3793104,145.0
2707,3.4444444,45.0
2708,4.0,1.0
2709,3.1923077,13.0
2710,2.892857,112.0
2711,2.7,5.0
2712,3.42,100.0
2713,2.4761906,21.0
2714,3.8125,8.0
2715,2.0,1.0
2716,3.7631578,228.0
2717,3.2884614,52.0
2718,3.6538463,13.0
2719,2.3181818,22.0
2720,2.5681818,22.0
2721,4.0,3.0
2722,2.5531914,47.0
2723,3.0487804,41.0
2724,2.9574468,47.0
2725,5.0,1.0
2726,4.142857,14.0
2727,2.5,1.0
2728,3.6166666,30.0
2729,3.75,16.0
2730,3.6086957,23.0
2731,4.2608695,23.0
2732,4.0,13.0
2733,5.0,1.0
2734,3.5714285,14.0
2735,2.8947368,19.0
2736,4.0,4.0
2738,5.0,1.0
2739,3.451613,31.0
2740,3.0,1.0
2741,4.0,2.0
2745,3.7333333,15.0
2746,3.5185184,54.0
2747,3.0714285,14.0
2748,1.9,5.0
2749,3.5,3.0
2750,3.1111112,9.0
2751,3.5,2.0
2752,3.5,5.0
2753,2.5,2.0
2754,0.75,2.0
2755,2.0,1.0
2757,4.0,3.0
2758,4.0,1.0
2759,3.1388888,18.0
2761,3.8137255,51.0
2762,3.9793816,291.0
2763,3.4084506,71.0
2764,2.85,10.0
2767,2.0,2.0
2769,3.7,5.0
2770,3.1914895,47.0
2771,2.8333333,12.0
2772,3.5,8.0
2774,3.4,5.0
2776,4.0,1.0
2779,2.9,5.0
2780,3.0,2.0
2781,3.0,1.0
2782,4.1,5.0
2783,3.0,1.0
2784,5.0,1.0
2786,3.5,3.0
2787,3.0714285,7.0
2788,3.5285714,35.0
2789,2.375,4.0
2790,2.375,4.0
2791,3.6744187,129.0
2792,3.2380953,21.0
2793,2.375,12.0
2794,3.4,15.0
2795,3.4880953,42.0
2796,3.0,11.0
2797,3.6917293,133.0
2798,2.4545455,11.0
2799,2.5,6.0
2801,3.5,4.0
2802,3.0714285,14.0
2803,3.4629629,27.0
2804,3.9864864,74.0
2805,3.1333334,15.0
2806,2.25,12.0
2807,1.65,10.0
2808,2.6470587,17.0
2810,3.84375,16.0
2812,2.0,1.0
2813,4.0,2.0
2814,1.0,1.0
2815,2.9,10.0
2816,2.2,5.0
2817,2.0,4.0
2818,1.75,2.0
2819,4.236842,19.0
2820,3.0,1.0
2822,2.875,8.0
2826,3.297619,42.0
2827,2.5789473,19.0
2828,0.8,5.0
2829,2.7857144,7.0
2830,5.0,1.0
2831,3.0,1.0
2835,2.3333333,3.0
2836,3.4,5.0
2839,3.0,1.0
2840,2.9,25.0
2841,3.5172415,29.0
2843,4.375,4.0
2844,2.8333333,3.0
2846,3.4166667,6.0
2847,3.5,4.0
2848,3.8333333,3.0
2851,2.6666667,3.0
2852,3.9166667,6.0
2853,2.6666667,3.0
2855,1.0,2.0
2856,2.875,4.0
2857,3.3636363,22.0
2858,4.080328,305.0
2859,4.266667,15.0
2860,3.5,11.0
2861,3.0625,8.0
2862,2.125,8.0
2863,3.8846154,26.0
2865,4.0,1.0
2866,3.2142856,7.0
2867,3.3125,16.0
2868,3.1,5.0
2870,3.3888888,9.0
2871,3.7653062,49.0
2872,3.5789473,38.0
2874,3.0,3.0
2875,3.1111112,9.0
2876,2.875,4.0
2877,2.6818182,11.0
2878,1.75,2.0
2879,3.6666667,3.0
2880,3.25,2.0
2881,3.118421,38.0
2882,2.857143,7.0
2883,2.9166667,6.0
2884,3.0,1.0
2885,2.5,1.0
2886,2.0,1.0
2887,1.25,2.0
2888,2.125,4.0
2889,3.1,10.0
2890,3.4338236,68.0
2891,3.6,5.0
2892,1.5,1.0
2893,3.0,2.0
2894,2.0,2.0
2896,1.0,1.0
2897,4.5,2.0
2898,3.2,5.0
2899,3.5,3.0
2900,3.25,4.0
2901,3.7307692,13.0
2902,2.0,5.0
2903,2.0,5.0
2904,2.5,2.0
2905,4.318182,11.0
2906,2.4545455,11.0
2907,2.5,7.0
2908,3.7702703,37.0
2911,4.5,2.0
2912,3.34,25.0
2913,2.6666667,3.0
2915,3.6585367,41.0
2916,3.5430465,151.0
2917,4.0625,16.0
2918,4.028125,160.0
2919,3.868421,19.0
2920,4.55,10.0
2921,3.8529413,17.0
2922,3.5714285,7.0
2924,3.8636363,11.0
2925,3.8125,8.0
2926,3.6764705,17.0
2927,4.0833335,6.0
2928,3.0,1.0
2929,4.0555553,9.0
2931,4.0,4.0
2932,3.1538463,13.0
2935,4.25,6.0
2936,3.8333333,9.0
2937,4.357143,7.0
2938,3.75,2.0
2939,3.5,2.0
2940,4.0,4.0
2941,3.4583333,12.0
2942,3.0833333,18.0
2943,4.5,3.0
2944,4.0795455,44.0
2946,4.125,16.0
2947,3.8313253,83.0
2948,3.8030303,33.0
2949,3.530303,33.0
2950,2.3703704,27.0
2951,4.051724,58.0
2952,3.8421052,19.0
2953,2.7,50.0
2956,3.0,2.0
2959,4.208115,382.0
2961,3.05,10.0
2962,2.75,2.0
2965,1.8333334,3.0
2966,3.86,25.0
2967,3.5,3.0
2968,3.6190476,42.0
2969,4.25,2.0
2970,3.8636363,11.0
2971,3.4166667,6.0
2972,4.5,5.0
2973,4.3,20.0
2974,1.8333334,6.0
2975,3.3333333,6.0
2976,2.9333334,15.0
2977,2.0714285,7.0
2978,2.625,4.0
2979,2.0,1.0
2981,2.5,1.0
2983,4.25,2.0
2985,3.4,105.0
2986,2.625,28.0
2987,3.7440944,127.0
2988,4.05,10.0
2989,3.2962964,27.0
2990,3.6206896,29.0
2991,3.3148148,27.0
2993,3.6034484,29.0
2995,2.53125,16.0
2996,3.55,10.0
2997,3.8736558,186.0
2998,3.0,1.0
2999,5.0,1.0
3000,4.21875,96.0
3002,2.6666667,3.0
3003,1.0,1.0
3004,2.0625,8.0
3005,3.2096775,31.0
3006,3.9285715,49.0
3007,3.7777777,9.0
3008,4.7,5.0
3010,3.125,4.0
3011,3.7857144,7.0
3013,3.0,1.0
3015,3.625,8.0
3016,3.4583333,12.0
3017,3.25,6.0
3018,3.725,20.0
3019,3.8,30.0
3020,3.531915,47.0
3021,3.0,1.0
3022,4.3095236,21.0
3024,2.5,4.0
3025,3.0,1.0
3028,3.0,3.0
3029,2.5,6.0
3030,4.4444447,27.0
3032,3.35,10.0
3033,3.308642,81.0
3034,3.546875,32.0
3035,4.035714,14.0
3036,3.4285715,7.0
3037,3.9761906,21.0
3038,3.75,4.0
3039,3.6465516,58.0
3040,3.1818182,11.0
3041,2.0,2.0
3042,1.5833334,6.0
3044,3.8666666,15.0
3045,3.0,9.0
3046,3.75,8.0
3047,4.0,1.0
3048,2.0,1.0
3049,3.0,1.0
3051,2.75,8.0
3052,3.59,100.0
3053,3.2368422,19.0
3054,2.0,7.0
3056,2.5,1.0
3060,3.5961537,26.0
3061,3.625,8.0
3062,3.625,12.0
3063,2.6875,8.0
3064,2.6666667,3.0
3066,3.7692308,13.0
3067,3.8181818,11.0
3068,4.269231,13.0
3070,3.5576923,26.0
3071,4.1904764,21.0
3072,3.7820513,39.0
3073,2.5,1.0
3074,3.9,10.0
3075,3.5714285,7.0
3076,3.8,5.0
3077,3.8,5.0
3078,3.1666667,6.0
3079,4.0,7.0
3081,3.3882353,85.0
3082,3.1875,64.0
3083,4.0540543,37.0
3086,3.5,1.0
3087,3.6,30.0
3088,4.0,21.0
3089,4.232143,28.0
3090,4.0,9.0
3091,3.9375,8.0
3092,4.0,1.0
3093,3.7,5.0
3094,3.3333333,3.0
3095,3.909091,22.0
3096,4.3333335,3.0
3097,4.2272725,11.0
3098,3.9464285,28.0
3099,3.2857144,7.0
3100,4.030303,33.0
3101,3.4183674,49.0
3102,3.5,6.0
3103,3.0,2.0
3104,3.903226,31.0
3105,3.8135593,59.0
3106,3.75,2.0
3107,3.296875,32.0
3108,3.7083333,48.0
3109,3.375,4.0
3111,3.5,6.0
3112,3.75,4.0
3113,2.9107144,28.0
3114,3.9087837,148.0
3115,3.5,3.0
3117,3.75,2.0
3118,3.0,1.0
3119,1.0,1.0
3120,3.0,4.0
3121,2.5,2.0
3122,2.5,1.0
3125,2.8125,8.0
3127,2.5,3.0
3129,4.0,6.0
3130,2.375,4.0
3132,3.5,4.0
3133,4.0,1.0
3134,4.625,8.0
3135,3.8888888,9.0
3137,4.0,1.0
3140,3.625,4.0
3141,3.5,4.0
3142,3.6,5.0
3143,4.0,1.0
3144,3.4,5.0
3145,3.7142856,7.0
3146,1.8076923,13.0
3147,4.134286,175.0
3148,3.8666666,30.0
3149,3.0,1.0
3150,4.0,3.0
3152,4.230769,13.0
3153,4.0,4.0
3154,3.0,1.0
3155,3.2727273,22.0
3156,3.26,25.0
3157,3.04,25.0
3158,2.0,1.0
3159,3.325,20.0
3160,4.028169,71.0
3163,3.5,10.0
3167,3.6666667,6.0
3168,3.5,34.0
3169,3.2222223,9.0
3171,5.0,1.0
3173,3.1458333,24.0
3174,3.6142857,35.0
3175,3.5764706,85.0
3176,3.5263157,76.0
3177,2.8125,8.0
3178,3.5416667,24.0
3179,3.5,12.0
3180,3.0,1.0
3181,2.25,6.0
3182,4.214286,7.0
3183,3.5,1.0
3185,4.25,10.0
3186,3.590909,33.0
3188,4.0,1.0
3189,3.5333333,15.0
3190,2.0,4.0
3192,4.0,1.0
3194,3.3,10.0
3196,3.7941177,17.0
3197,3.25,2.0
3198,3.825,20.0
3200,4.428571,7.0
3201,3.6875,8.0
3202,5.0,1.0
3203,3.5952382,21.0
3204,3.5,6.0
3205,4.0,1.0
3206,3.2,5.0
3207,1.75,2.0
3208,2.1666667,6.0
3210,3.6931818,44.0
3211,4.0,2.0
3213,3.409091,11.0
3214,4.0,1.0
3216,3.6666667,3.0
3217,4.5,2.0
3218,2.5,1.0
3219,3.0,18.0
3221,4.1666665,3.0
3223,3.0,2.0
3224,4.071429,7.0
3225,3.2857144,7.0
3230,2.5,1.0
3235,3.1666667,3.0
3238,3.0,5.0
3240,3.0,1.0
3241,3.0,1.0
3243,2.8611112,18.0
3244,3.2222223,9.0
3245,4.75,2.0
3246,3.7419355,31.0
3247,3.0857143,35.0
3248,2.642857,14.0
3249,3.107143,14.0
3250,3.2941177,17.0
3251,3.125,8.0
3252,3.7830188,53.0
3253,3.5227273,88.0
3254,3.2702703,37.0
3255,3.5454545,55.0
3256,3.4607842,51.0
3257,2.5185184,27.0
3258,2.840909,22.0
3259,3.1875,16.0
3260,3.65625,16.0
3261,3.0333333,15.0
3262,3.5555556,18.0
3263,3.225,40.0
3264,2.862069,29.0
3265,4.1363635,11.0
3266,3.590909,11.0
3267,3.36,25.0
3268,1.5333333,15.0
3269,2.6944444,18.0
3270,3.2727273,11.0
3271,3.9473684,19.0
3272,2.6111112,9.0
3273,2.6203704,54.0
3274,3.15625,16.0
3275,3.9411764,68.0
3276,4.0,1.0
3280,0.5,1.0
3281,4.0,3.0
3284,4.0,1.0
3285,3.0294118,34.0
3286,2.8333333,3.0
3287,2.7272727,11.0
3289,4.1666665,3.0
3292,3.5,1.0
3296,4.111111,9.0
3298,3.2166667,30.0
3299,2.4,5.0
3300,3.5080645,62.0
3301,3.4479167,48.0
3302,2.0,2.0
3304,4.5,3.0
3306,3.125,4.0
3307,3.8,20.0
3308,3.3333333,3.0
3309,4.125,4.0
3310,3.6666667,6.0
3311,4.5,1.0
3316,2.8529413,17.0
3317,3.602564,39.0
3319,2.0,1.0
3320,3.0,3.0
3324,3.3,10.0
3325,2.25,8.0
3326,2.857143,7.0
3327,3.0,3.0
3328,3.7380953,21.0
3330,1.75,2.0
3331,3.0,1.0
3334,3.84375,16.0
3335,4.0,1.0
3338,4.0,2.0
3339,5.0,1.0
3340,3.0,2.0
3341,3.6111112,9.0
3342,4.1,5.0
3343,3.0,1.0
3344,3.5,2.0
3345,3.0,2.0
3347,4.4,5.0
3349,4.0,1.0
3350,3.5833333,6.0
3351,2.0,1.0
3354,2.7,35.0
3355,3.2916667,24.0
3357,3.5,2.0
3358,3.3666666,15.0
3359,3.9047618,21.0
3360,3.625,20.0
3361,3.4,25.0
3362,3.877193,57.0
3363,3.6836734,49.0
3364,3.45,10.0
3365,3.6666667,18.0
3367,2.75,2.0
3368,3.5,2.0
3370,2.75,2.0
3371,4.0,2.0
3372,2.75,4.0
3374,2.5,1.0
3377,3.5,1.0
3379,3.1,5.0
3384,4.090909,11.0
3385,3.0,3.0
3386,3.6046512,43.0
3387,3.3333333,6.0
3388,3.1,10.0
3390,2.0,2.0
3391,1.1666666,3.0
3392,2.6,5.0
3394,2.6875,8.0
3395,1.5,1.0
3396,3.6785715,42.0
3397,3.6666667,12.0
3398,3.71875,16.0
3399,2.6666667,3.0
3400,3.5,1.0
3401,2.5,2.0
3402,4.0,1.0
3404,2.7272727,11.0
3405,5.0,1.0
3406,3.5,1.0
3408,3.684874,119.0
3409,3.3636363,44.0
3412,3.75,4.0
3413,3.0,1.0
3415,3.1666667,3.0
3418,3.5169492,59.0
3420,3.6666667,3.0
3421,3.8367348,49.0
3422,3.0,2.0
3424,3.8676472,34.0
3425,2.5,2.0
3426,3.0625,8.0
3427,5.0,1.0
3429,4.0625,8.0
3430,2.75,6.0
3431,4.25,2.0
3432,2.0,1.0
3433,1.0,3.0
3434,1.75,4.0
3435,4.54,25.0
3436,3.0,5.0
3437,1.0,1.0
3438,2.975,20.0
3439,2.7619047,21.0
3440,1.8333334,15.0
3441,2.8846154,13.0
3442,3.5,1.0
3444,3.2105262,19.0
3445,3.5,2.0
3446,3.5,2.0
3447,3.3333333,3.0
3448,3.6604939,81.0
3450,3.2333333,30.0
3451,4.1,5.0
3452,2.94,25.0
3453,3.0,3.0
3454,2.875,4.0
3456,4.0,2.0
3457,3.1875,8.0
3459,3.5,2.0
3461,3.46875,16.0
3462,4.0588236,34.0
3466,3.857143,7.0
3467,4.428571,7.0
3468,4.131579,38.0
3469,3.642857,7.0
3470,3.7,5.0
3471,3.7594936,79.0
3473,3.0,1.0
3474,2.0,2.0
3475,3.6111112,9.0
3476,3.7571428,35.0
3477,3.2894738,19.0
3478,3.3,10.0
3479,3.6153846,26.0
3480,3.8333333,9.0
3481,3.557143,105.0
3483,3.3333333,21.0
3484,3.5833333,12.0
3486,3.0,1.0
3487,3.0,3.0
3488,4.0,1.0
3489,3.1136363,66.0
3490,2.0,2.0
3491,2.0,1.0
3492,4.0,1.0
3493,3.25,2.0
3494,3.3235295,17.0
3497,4.0,1.0
3498,3.6818182,22.0
3499,3.7358491,53.0
3500,2.375,4.0
3501,3.5,4.0
3502,4.0,1.0
3503,4.0263157,19.0
3504,4.071429,28.0
3505,3.6176472,17.0
3506,3.5,1.0
3507,3.7083333,12.0
3508,3.5526316,19.0
3509,2.6,5.0
3510,3.4555554,45.0
3511,2.25,4.0
3512,3.3846154,13.0
3513,3.375,16.0
3514,2.5,2.0
3515,3.125,8.0
3516,4.25,4.0
3518,4.3333335,3.0
3519,3.0,6.0
3521,4.1,10.0
3523,3.0,1.0
3524,3.4130435,23.0
3525,2.5833333,12.0
3526,3.5961537,26.0
3527,3.6140351,114.0
3528,3.0,4.0
3529,3.8,5.0
3530,4.0,1.0
3534,3.1515152,33.0
3535,3.6910112,89.0
3536,3.5833333,24.0
3537,4.0,1.0
3538,3.9375,8.0
3539,4.0,1.0
3543,3.9736843,19.0
3544,2.1666667,3.0
3545,3.75,18.0
3546,3.7222223,9.0
3547,3.25,4.0
3548,4.1666665,3.0
3549,3.2857144,14.0
3550,2.6666667,3.0
3551,3.5625,16.0
3552,3.637931,58.0
3553,2.5,3.0
3554,4.0,6.0
3555,3.5512822,39.0
3556,3.6842105,38.0
3557,3.25,4.0
3563,2.5,2.0
3564,0.6666667,3.0
3565,3.590909,11.0
3566,3.2307692,13.0
3567,3.8333333,3.0
3569,4.0625,8.0
3571,2.5,2.0
3576,3.5833333,6.0
3577,2.75,2.0
3578,3.988255,298.0
3579,3.0,5.0
3580,2.0,1.0
3581,3.5,10.0
3584,2.5,2.0
3586,4.0,2.0
3591,3.235294,17.0
3593,1.7972972,37.0
3594,3.5625,8.0
3596,5.0,2.0
3597,2.6666667,3.0
3598,3.3333333,6.0
3599,5.0,1.0
3600,2.75,4.0
3602,3.0,1.0
3606,4.0,2.0
3608,3.2777777,27.0
3610,3.0,1.0
3611,4.25,2.0
3614,3.2727273,11.0
3615,3.0555556,18.0
3616,2.2,5.0
3617,2.8214285,42.0
3618,3.7666667,15.0
3619,3.5,2.0
3620,3.5,3.0
3621,4.0,6.0
3622,3.25,2.0
3623,3.0128205,117.0
3624,3.2348485,66.0
3625,2.0,1.0
3626,2.0,1.0
3627,4.375,4.0
3628,3.0,3.0
3629,4.1904764,21.0
3632,3.7,5.0
3633,3.59375,16.0
3634,3.875,4.0
3635,3.7272727,22.0
3637,4.0,3.0
3638,3.1818182,22.0
3639,3.607143,28.0
3640,4.5,1.0
3641,2.5,1.0
3643,2.75,2.0
3644,4.0,1.0
3645,3.375,4.0
3646,2.0277777,18.0
3648,4.0,1.0
3649,3.25,10.0
3652,1.5,1.0
3653,3.75,4.0
3654,3.9736843,19.0
3655,2.5,2.0
3658,4.0,4.0
3659,5.0,1.0
3662,3.0,1.0
3664,3.0,2.0
3665,1.0,1.0
3667,2.5,2.0
3668,3.71875,16.0
3669,3.0,1.0
3671,3.75,66.0
3672,1.5,2.0
3673,3.0,2.0
3674,2.0,1.0
3675,3.8,10.0
3676,3.409091,22.0
3677,4.55,10.0
3678,3.5,2.0
3679,3.375,4.0
3681,4.1216216,37.0
3682,3.642857,7.0
3683,4.2,25.0
3684,3.7692308,13.0
3685,3.78125,16.0
3686,3.3666666,15.0
3688,3.0,14.0
3689,1.7142857,7.0
3690,2.0,3.0
3691,2.5,2.0
3692,2.25,2.0
3693,3.35,10.0
3694,3.1,5.0
3695,4.0,2.0
3696,3.0,4.0
3697,2.8793104,29.0
3698,3.2,50.0
3699,3.5434783,23.0
3700,3.875,4.0
3701,3.03125,16.0
3702,3.5075758,66.0
3703,3.6195652,46.0
3704,3.0813954,43.0
3705,2.7777777,9.0
3706,3.8333333,21.0
3707,3.25,6.0
3708,3.1875,8.0
3709,2.1,5.0
3710,2.125,4.0
3712,3.7916667,12.0
3713,5.0,2.0
3714,3.3333333,3.0
3715,2.5,2.0
3716,4.0,1.0
3717,3.119403,67.0
3718,3.3,5.0
3719,3.3333333,3.0
3720,3.5,1.0
3723,3.5,9.0
3724,3.2857144,7.0
3725,3.5,2.0
3726,3.7142856,7.0
3727,3.9285715,7.0
3728,3.375,8.0
3729,3.375,4.0
3730,4.1875,24.0
3732,2.8333333,6.0
3733,3.8,5.0
3734,3.0,1.0
3735,3.875,32.0
3736,3.5,4.0
3737,5.0,1.0
3738,2.6666667,3.0
3740,3.6515152,33.0
3741,3.6470587,17.0
3742,4.0,16.0
3743,2.5,1.0
3744,2.7115386,26.0
3745,3.4210527,38.0
3746,3.5,2.0
3747,3.75,4.0
3749,3.0,1.0
3751,3.4339623,106.0
3752,2.830357,56.0
3753,3.5815217,92.0
3754,2.4285715,14.0
3755,2.96,75.0
3756,2.0,1.0
3757,1.75,2.0
3758,3.3333333,3.0
3759,3.0,1.0
3760,3.4545455,11.0
3761,4.125,4.0
3763,3.3541667,24.0
3764,2.5,3.0
3765,3.25,2.0
3766,1.9,5.0
3767,2.0,2.0
3768,2.375,4.0
3769,4.1666665,6.0
3770,3.125,8.0
3771,2.75,4.0
3773,3.25,4.0
3774,3.0,1.0
3775,0.5,1.0
3776,2.0,2.0
3777,2.1666667,3.0
3782,5.0,1.0
3783,3.6666667,12.0
3784,3.2916667,12.0
3785,2.8166666,90.0
3786,3.7727273,11.0
3787,2.5,2.0
3788,3.53125,16.0
3789,4.0,4.0
3790,3.5,2.0
3791,2.7941177,17.0
3792,3.0,1.0
3793,3.6111112,198.0
3794,3.0,3.0
3795,3.75,4.0
3796,4.0,2.0
3797,4.5,1.0
3798,3.3333333,39.0
3799,1.5714285,7.0
3800,4.0,1.0
3801,4.0454545,11.0
3802,2.15,10.0
3805,2.0,1.0
3807,3.0,1.0
3808,3.75,4.0
3809,3.5857143,35.0
3810,3.3333333,3.0
3811,4.1666665,6.0
3812,3.5833333,12.0
3813,3.2,5.0
3814,3.4166667,6.0
3816,3.75,2.0
3817,3.5,1.0
3819,4.4,10.0
3820,1.0,1.0
3821,1.9130435,23.0
3822,3.75,4.0
3823,4.0,3.0
3824,3.3333333,6.0
3825,3.0,37.0
3826,2.4333334,45.0
3827,3.0227273,22.0
3830,2.8333333,3.0
3831,4.0,3.0
3832,1.0,1.0
3833,2.1666667,3.0
3834,2.6666667,3.0
3835,2.4166667,6.0
3836,3.8461537,13.0
3837,2.3333333,3.0
3838,5.0,1.0
3839,1.5,2.0
3840,3.25,6.0
3841,2.125,4.0
3843,3.0,2.0
3844,3.6363637,22.0
3846,3.5,3.0
3847,3.5,3.0
3848,2.5,1.0
3851,4.0,3.0
3852,3.05,10.0
3854,2.0,1.0
3855,3.5,2.0
3857,3.375,4.0
3858,2.25,4.0
3859,3.0,2.0
3860,3.0,1.0
3861,3.1470587,17.0
3862,2.5,3.0
3863,3.0,41.0
3864,2.3888888,9.0
3865,3.5,5.0
3867,5.0,1.0
3868,3.6384616,65.0
3869,3.060606,33.0
3871,4.0,5.0
3872,3.6,5.0
3873,3.45,10.0
3875,4.5,1.0
3877,2.1875,8.0
3878,3.0,2.0
3879,2.3125,8.0
3881,4.0,1.0
3882,3.0128205,39.0
3885,4.0,2.0
3888,0.5,1.0
3889,2.7222223,9.0
3892,2.1666667,3.0
3893,3.0925925,27.0
3895,2.6666667,6.0
3896,3.0833333,12.0
3897,3.8816793,131.0
3898,2.75,4.0
3899,1.0,1.0
3901,3.5,3.0
3903,3.5,1.0
3905,4.0,1.0
3906,4.0,2.0
3908,2.857143,7.0
3909,2.0,2.0
3910,3.652174,23.0
3911,3.7171052,76.0
3913,3.5,2.0
3914,3.0,1.0
3915,4.25,4.0
3916,3.8188405,69.0
3917,3.7068965,29.0
3918,3.125,4.0
3919,2.1,5.0
3920,5.0,1.0
3921,2.75,2.0
3923,1.5,2.0
3925,3.0714285,7.0
3926,2.5,5.0
3927,3.75,8.0
3928,2.5,4.0
3929,4.0,7.0
3930,3.6,10.0
3932,3.642857,14.0
3936,3.3333333,3.0
3937,3.5,2.0
3938,2.25,2.0
3942,4.0,1.0
3943,5.0,1.0
3945,1.9166666,6.0
3946,2.8181818,11.0
3947,3.0833333,6.0
3948,3.3823528,136.0
3949,4.0183825,136.0
3950,3.4444444,9.0
3951,3.5,2.0
3952,3.4705882,17.0
3953,1.5,2.0
3955,1.375,4.0
3956,1.0,1.0
3958,1.5,2.0
3959,3.7142856,14.0
3961,3.0,2.0
3962,0.5,1.0
3963,3.125,4.0
3964,3.625,4.0
3965,4.0,3.0
3966,2.625,4.0
3967,3.6333334,60.0
3968,3.0333333,30.0
3969,3.359375,32.0
3970,4.25,2.0
3972,3.840909,22.0
3973,1.9615384,13.0
3974,3.0,3.0
3975,3.0,1.0
3977,2.6467392,92.0
3978,3.2692308,13.0
3979,2.14,25.0
3980,3.4444444,27.0
3981,2.85,20.0
3983,4.25,18.0
3984,3.6290324,31.0
3985,4.0,1.0
3986,2.9791667,24.0
3987,3.375,8.0
3988,3.0163934,61.0
3989,4.0,3.0
3990,2.357143,7.0
3991,2.0357144,14.0
3992,3.3,5.0
3993,3.6666667,9.0
3994,3.5229359,109.0
3996,3.8449366,158.0
3997,2.5625,16.0
3998,3.6666667,12.0
3999,2.6842105,19.0
4000,3.6666667,3.0
4001,2.0,3.0
4002,3.6860466,43.0
4003,3.25,4.0
4005,3.21875,16.0
4006,3.2941177,17.0
4007,3.6571429,35.0
4008,3.3095238,21.0
4009,3.1666667,3.0
4010,2.7307692,13.0
4011,4.1377244,167.0
4012,2.5,3.0
4014,3.641791,67.0
4015,2.487805,41.0
4016,3.6449275,69.0
4017,3.5,9.0
4018,2.9864864,74.0
4019,3.9444444,27.0
4020,3.625,20.0
4021,3.6666667,3.0
4022,3.7484076,157.0
4023,3.4146342,41.0
4024,3.0,1.0
4025,3.2528737,87.0
4026,4.0,1.0
4027,3.7534723,144.0
4029,3.46875,16.0
4030,2.3333333,3.0
4031,3.625,4.0
4033,3.7142856,14.0
4034,3.6489363,94.0
4035,2.0,3.0
4036,3.1818182,11.0
4037,3.8333333,9.0
4039,3.3181818,11.0
4040,2.3181818,11.0
4041,3.4565217,23.0
4042,2.8333333,3.0
4043,2.875,4.0
4046,5.0,1.0
4047,4.142857,7.0
4052,3.4375,8.0
4053,3.5,2.0
4054,3.4464285,28.0
4055,3.5,10.0
4056,3.4666667,15.0
4061,3.6666667,6.0
4062,3.2692308,13.0
4063,3.7,5.0
4065,3.25,2.0
4066,3.5,6.0
4067,2.642857,7.0
4068,2.6666667,6.0
4069,3.0454545,33.0
4077,3.0,1.0
4078,3.5,2.0
4079,3.7,5.0
4080,2.8333333,6.0
4081,3.0,1.0
4082,3.4285715,7.0
4084,3.1363637,22.0
4085,3.517857,84.0
4086,3.6666667,9.0
4087,3.0,1.0
4089,2.5,3.0
4090,3.1785715,14.0
4091,3.3,5.0
4092,2.0,1.0
4094,3.5,1.0
4095,4.5,1.0
4098,3.8333333,3.0
4099,0.5,1.0
4100,1.0,1.0
4101,2.0,1.0
4102,3.9166667,6.0
4103,4.0588236,17.0
4104,2.25,4.0
4105,3.8289473,38.0
4108,2.5,1.0
4109,2.75,4.0
4110,3.0,2.0
4111,4.0,2.0
4113,4.0,2.0
4115,4.0,1.0
4116,3.6666667,6.0
4117,4.0833335,6.0
4118,2.5,1.0
4119,4.5,2.0
4121,3.6,25.0
4122,3.5,3.0
4123,1.2,5.0
4124,1.7272727,11.0
4125,1.0,1.0
4126,2.0,1.0
4127,2.25,2.0
4128,3.375,36.0
4130,2.3333333,3.0
4131,1.0,1.0
4132,2.6666667,9.0
4133,2.9285715,7.0
4135,3.25,4.0
4136,4.0,1.0
4137,1.5,1.0
4138,1.5,2.0
4141,3.25,2.0
4142,4.0,2.0
4143,2.3,5.0
4144,4.0555553,27.0
4148,3.1833334,60.0
4149,2.7272727,11.0
4151,4.0,1.0
4152,4.0,1.0
4153,2.1666667,3.0
4154,3.0,2.0
4155,3.3529413,17.0
4157,4.0,1.0
4158,2.125,4.0
4159,2.375,12.0
4160,3.3333333,3.0
4161,2.8913043,23.0
4166,4.375,4.0
4167,2.6111112,9.0
4168,3.5,2.0
4169,1.25,2.0
4174,3.6666667,3.0
4175,2.5,2.0
4176,5.0,1.0
4178,3.2142856,7.0
4179,4.0,1.0
4181,2.0,3.0
4184,5.0,1.0
4185,3.3333333,3.0
4186,4.0,2.0
4187,3.7,5.0
4188,3.0,1.0
4189,3.5,4.0
4190,4.3333335,3.0
4191,3.5,3.0
4192,3.0,1.0
4195,2.4,5.0
4197,3.0,2.0
4198,2.5,3.0
4199,3.0,1.0
4200,1.9166666,6.0
4203,2.375,8.0
4204,1.5,1.0
4205,3.75,6.0
4206,3.0,2.0
4207,2.9285715,7.0
4208,5.0,2.0
4210,3.5,13.0
4211,4.25,10.0
4212,3.5,2.0
4213,3.0,1.0
4214,2.8125,24.0
4215,2.0,7.0
4216,3.6,5.0
4217,4.0,1.0
4218,3.0714285,7.0
4219,3.25,4.0
4220,3.3125,8.0
4221,2.25,4.0
4223,3.8671875,64.0
4224,2.7857144,7.0
4225,3.5,15.0
4226,4.17603,267.0
4228,2.9444444,9.0
4229,2.1666667,3.0
4231,2.642857,7.0
4232,2.5416667,36.0
4233,1.6666666,6.0
4234,3.3214285,14.0
4235,4.068182,44.0
4238,3.326087,23.0
4239,3.6304348,46.0
4240,3.6666667,3.0
4241,0.75,2.0
4242,2.75,2.0
4243,3.0,1.0
4246,3.357143,105.0
4247,2.642857,21.0
4248,2.0,4.0
4250,3.5,1.0
4251,3.9,10.0
4252,4.0,1.0
4253,4.0,1.0
4254,1.8125,8.0
4255,3.090909,11.0
4256,5.0,1.0
4259,2.6666667,3.0
4262,3.8181818,99.0
4265,1.9444444,9.0
4266,3.5,1.0
4267,2.5,4.0
4270,2.9551282,78.0
4271,3.5,2.0
4273,4.0,1.0
4274,3.25,2.0
4275,2.0,6.0
4276,3.5,7.0
4277,3.5,1.0
4278,2.625,4.0
4279,3.375,4.0
4280,3.631579,19.0
4281,4.0,1.0
4282,3.9,5.0
4283,3.9,5.0
4284,1.5,2.0
4285,3.0833333,6.0
4286,3.0,2.0
4289,2.0,1.0
4290,2.5,2.0
4291,3.0555556,9.0
4292,4.142857,14.0
4293,3.0,3.0
4294,3.6666667,3.0
4295,4.0,1.0
4296,2.35,10.0
4297,3.3333333,3.0
4298,3.875,4.0
4299,3.2346938,49.0
4304,3.6666667,3.0
4305,2.1875,8.0
4306,3.7161653,266.0
4307,3.0,1.0
4308,3.4593024,86.0
4310,2.5808823,68.0
4312,3.0,2.0
4313,3.25,2.0
4314,3.5,1.0
4317,2.5,4.0
4318,3.8333333,3.0
4321,3.5,44.0
4322,3.8,10.0
4323,3.3333333,3.0
4325,5.0,1.0
4326,3.8035715,28.0
4327,3.9629629,27.0
4328,2.0,2.0
4329,3.65,10.0
4330,5.0,1.0
4331,3.0,2.0
4332,2.5,2.0
4333,2.8461537,13.0
4334,4.875,4.0
4336,3.5,4.0
4337,3.6666667,3.0
4338,4.1666665,9.0
4339,3.5,4.0
4340,2.2222223,18.0
4341,3.0,2.0
4342,3.625,4.0
4343,2.6463416,41.0
4344,2.9444444,54.0
4345,3.5,2.0
4347,2.8333333,3.0
4349,4.142857,7.0
4350,3.3333333,3.0
4351,3.6153846,39.0
4352,1.0,1.0
4354,3.125,4.0
4356,3.7,10.0
4357,4.3333335,3.0
4359,3.7,5.0
4361,3.6666667,51.0
4363,3.0,1.0
4366,3.2166667,30.0
4367,2.7460318,63.0
4368,1.9090909,11.0
4369,2.9866667,75.0
4370,3.1022727,88.0
4371,4.0,1.0
4372,3.375,12.0
4373,4.0,2.0
4376,3.8333333,3.0
4378,3.5833333,18.0
4380,4.1666665,6.0
4381,3.9166667,6.0
4383,4.375,4.0
4384,2.0,1.0
4386,2.5,18.0
4387,3.1666667,9.0
4388,2.140625,32.0
4389,4.0,1.0
4391,4.25,4.0
4392,3.5,3.0
4393,3.5,1.0
4395,5.0,1.0
4396,3.2,15.0
4397,2.0,1.0
4398,1.0,1.0
4399,3.0,1.0
4400,3.0,1.0
4401,0.5,1.0
4402,3.0,1.0
4403,3.3333333,3.0
4404,4.8333335,3.0
4405,3.75,2.0
4406,3.9166667,18.0
4407,3.9444444,9.0
4408,2.25,4.0
4409,2.75,2.0
4410,3.75,2.0
4411,2.375,4.0
4414,3.0,1.0
4415,2.5833333,6.0
4417,3.0,2.0
4418,3.0,1.0
4419,3.5,2.0
4420,4.5,1.0
4422,3.75,4.0
4423,4.25,2.0
4424,4.25,4.0
4426,3.5,4.0
4427,3.95,10.0
4428,3.5,4.0
4429,4.0,2.0
4430,3.0,2.0
4432,4.75,2.0
4433,3.5,2.0
4435,3.5,1.0
4437,3.6666667,9.0
4438,3.3333333,3.0
4440,3.5,4.0
4441,1.75,2.0
4442,3.1666667,6.0
4443,3.1875,8.0
4444,3.8,5.0
4446,2.9891305,46.0
4447,3.4044943,89.0
4448,3.66,25.0
4450,3.1,5.0
4451,4.0,1.0
4452,2.5714285,7.0
4453,2.5,1.0
4454,3.5,2.0
4462,4.1666665,3.0
4464,3.4545455,11.0
4465,3.7222223,9.0
4466,3.5,3.0
4467,3.5,15.0
4470,2.5,3.0
4471,0.5,1.0
4474,3.1111112,9.0
4475,2.0,2.0
4476,3.5,1.0
4477,2.8125,8.0
4478,3.3333333,3.0
4479,3.2142856,7.0
4480,3.1111112,9.0
4481,2.0,1.0
4482,2.5,1.0
4483,2.5,3.0
4484,3.5,4.0
4485,1.6666666,3.0
4486,3.3333333,3.0
4487,3.3076923,13.0
4488,3.1666667,6.0
4489,3.423913,46.0
4492,2.9285715,7.0
4493,1.0,1.0
4494,2.5,2.0
4495,3.75,2.0
4496,3.5,1.0
4498,3.25,4.0
4499,3.6607144,28.0
4500,4.0,1.0
4501,2.5,3.0
4502,1.5714285,7.0
4504,1.75,2.0
4505,3.25,2.0
4506,3.5,5.0
4508,3.25,6.0
4509,2.875,8.0
4513,3.0,1.0
4514,2.0,1.0
4515,4.0,1.0
4516,2.5,3.0
4518,3.25,2.0
4519,3.9545455,11.0
4520,3.0,2.0
4522,4.0,1.0
4523,4.125,4.0
4524,3.0,1.0
4525,1.0,2.0
4526,2.8333333,3.0
4529,4.0,1.0
4531,2.875,8.0
4533,3.5,5.0
4534,3.5,2.0
4535,4.0,5.0
4537,3.3,5.0
4540,3.0,3.0
4541,4.5,2.0
4543,3.5,1.0
4544,2.75,12.0
4545,3.3157895,19.0
4546,4.090909,11.0
4548,4.0,1.0
4552,3.75,4.0
4553,3.5526316,19.0
4555,3.5,2.0
4556,3.0,1.0
4557,3.6666667,3.0
4558,3.0666666,15.0
4559,2.0,1.0
4560,2.0,1.0
4561,2.75,2.0
4562,4.0,4.0
4563,2.8333333,6.0
4564,3.375,4.0
4565,2.3333333,6.0
4566,2.0,1.0
4567,1.0,1.0
4569,2.5,2.0
4570,2.5,2.0
4571,3.5961537,52.0
4572,2.0,1.0
4573,2.0,1.0
4577,3.5,4.0
4578,4.0,1.0
4581,2.25,2.0
4583,3.0,2.0
4584,3.25,2.0
4585,3.1666667,3.0
4586,3.1666667,3.0
4587,2.1875,8.0
4588,0.5,1.0
4589,4.0,2.0
4590,4.0,2.0
4591,4.0,1.0
4593,2.0,1.0
4597,3.0,1.0
4598,3.0,1.0
4599,2.625,8.0
4600,2.875,4.0
4601,3.5,1.0
4602,1.8333334,3.0
4603,3.0,1.0
4605,4.25,4.0
4609,3.5,1.0
4612,5.0,1.0
4613,2.375,4.0
4614,3.25,6.0
4616,3.75,2.0
4618,2.6666667,6.0
4619,2.0,1.0
4620,2.6666667,3.0
4621,2.6388888,18.0
4622,2.0,1.0
4623,3.4444444,18.0
4624,4.5,2.0
4625,2.5,2.0
4626,5.0,1.0
4628,4.1666665,3.0
4629,2.75,2.0
4630,0.5,1.0
4631,3.0,1.0
4632,2.5,2.0
4634,3.25,2.0
4635,4.0,1.0
4636,1.375,4.0
4637,2.5,1.0
4638,2.6862745,51.0
4639,2.8181818,22.0
4640,3.6875,8.0
4641,3.8617022,47.0
4642,3.9166667,12.0
4643,2.7465754,73.0
4644,3.9166667,6.0
4645,2.5,1.0
4646,3.5,2.0
4649,3.5,6.0
4650,4.0,1.0
4652,3.0,1.0
4654,3.3,10.0
4655,4.0,1.0
4658,3.1,5.0
4659,4.0,2.0
4661,3.9285715,7.0
4662,3.8333333,6.0
4664,4.0,4.0
4665,3.5,3.0
4666,2.3333333,3.0
4670,3.0,1.0
4671,4.0,1.0
4672,3.0,6.0
4673,3.0,11.0
4674,4.0,1.0
4675,2.375,4.0
4676,3.2,5.0
4677,2.8461537,13.0
4678,3.21875,16.0
4679,3.5,11.0
4680,0.5,1.0
4681,3.3,20.0
4682,2.9166667,6.0
4683,2.75,2.0
4685,2.0,1.0
4686,1.5,4.0
4688,2.875,4.0
4690,2.875,4.0
4692,2.5,2.0
4695,3.0,1.0
4696,3.0,1.0
4697,2.8,5.0
4698,3.5,1.0
4699,3.0,4.0
4700,3.207317,41.0
4701,3.0392158,51.0
4702,3.5,2.0
4703,3.25,6.0
4704,4.0,1.0
4705,3.75,4.0
4708,2.0,1.0
4709,3.875,4.0
4710,2.5,2.0
4713,3.1666667,9.0
4714,2.6666667,3.0
4716,4.0,1.0
4718,3.0666666,60.0
4719,2.5,9.0
4720,3.6513157,76.0
4721,3.6666667,3.0
4722,4.0,1.0
4723,3.125,4.0
4725,3.3636363,11.0
4727,2.8,5.0
4728,2.8833334,30.0
4729,3.5,2.0
4731,4.0,2.0
4732,3.0,7.0
4733,2.4,10.0
4734,3.2738094,42.0
4735,2.45,10.0
4736,2.0,2.0
4738,3.0833333,6.0
4740,2.5,1.0
4741,3.0,7.0
4743,2.75,4.0
4744,2.4444444,18.0
4745,3.142857,7.0
4748,2.8333333,3.0
4749,2.125,4.0
4750,2.1666667,3.0
4752,2.75,2.0
4753,2.75,2.0
4754,3.4230769,13.0
4756,2.3888888,9.0
4757,2.875,4.0
4759,3.0,1.0
4765,4.0,4.0
4766,2.75,2.0
4768,3.75,2.0
4769,4.0,1.0
4770,3.0625,8.0
4771,2.5,1.0
4773,3.0,1.0
4774,3.3333333,3.0
4775,2.75,2.0
4776,3.7214286,70.0
4783,4.3,5.0
4784,3.3,5.0
4786,3.5,1.0
4787,3.75,4.0
4788,5.0,1.0
4789,2.5,2.0
4790,3.0,1.0
4792,2.25,2.0
4795,4.4166665,6.0
4796,2.5,1.0
4797,2.0,1.0
4798,4.0,1.0
4799,3.590909,11.0
4801,2.0,1.0
4802,2.75,2.0
4803,3.5,8.0
4804,3.5,2.0
4805,2.0,1.0
4806,3.25,2.0
4808,1.0,1.0
4809,4.3333335,3.0
4811,3.0,1.0
4812,2.75,2.0
4814,3.2307692,13.0
4815,3.0714285,7.0
4816,3.3214285,70.0
4819,4.0,1.0
4821,2.5,4.0
4822,5.0,1.0
4823,3.3653846,26.0
4824,3.0,1.0
4826,3.5833333,6.0
4828,4.0,1.0
4830,3.5,3.0
4833,3.5,5.0
4834,2.25,2.0
4835,3.6,5.0
4837,3.75,2.0
4838,3.0,1.0
4840,3.0,1.0
4841,4.0,1.0
4842,4.0,1.0
4844,3.1111112,18.0
4845,1.5,2.0
4846,3.5625,8.0
4847,4.0,1.0
4848,3.9770114,87.0
4849,1.5,2.0
4850,3.1666667,3.0
4851,3.5,1.0
4852,2.5,2.0
4854,1.0,1.0
4855,3.65625,48.0
4857,4.02,25.0
4862,3.0,4.0
4863,3.25,6.0
4865,3.3666666,30.0
4866,3.1111112,9.0
4867,3.25,6.0
4872,3.5,1.0
4873,3.6785715,14.0
4874,3.5465117,43.0
4876,2.4,10.0
4878,3.787425,167.0
4880,3.5277777,18.0
4881,3.7142856,28.0
4884,2.0,1.0
4885,2.9,5.0
4886,3.8607595,237.0
4887,3.1578948,19.0
4888,3.5,6.0
4889,3.6923077,13.0
4890,2.7083333,24.0
4893,2.3,5.0
4895,1.0,1.0
4896,3.7408535,164.0
4897,2.5,1.0
4898,2.8333333,3.0
4899,2.375,4.0
4900,4.0,1.0
4901,3.6551723,29.0
4902,2.9444444,9.0
4903,3.675,20.0
4907,4.3333335,3.0
4911,2.5,3.0
4912,3.1666667,9.0
4914,4.0789475,19.0
4915,4.0,3.0
4916,4.3333335,3.0
4918,5.0,1.0
4919,2.6666667,3.0
4920,4.3333335,3.0
4921,3.6666667,3.0
4922,4.0,1.0
4928,4.3,5.0
4929,2.5,2.0
4930,4.5,1.0
4932,3.5,2.0
4934,2.6666667,3.0
4936,3.6,5.0
4939,3.5,2.0
4941,3.357143,7.0
4942,2.0,1.0
4943,3.0,1.0
4944,1.5,1.0
4945,4.0,6.0
4946,3.0,1.0
4947,3.5,2.0
4949,3.25,2.0
4951,3.3333333,9.0
4954,4.0,9.0
4955,4.0,1.0
4956,4.0,5.0
4957,4.0,5.0
4958,3.2105262,19.0
4962,3.5,1.0
4963,3.8,205.0
4965,2.0,1.0
4966,5.0,1.0
4967,3.9,15.0
4969,3.2,5.0
4970,4.25,2.0
4971,3.5,3.0
4972,2.0,1.0
4973,4.081448,221.0
4974,2.5526316,19.0
4975,3.2785714,70.0
4976,3.3,5.0
4978,4.5,5.0
4979,3.7850468,107.0
4980,3.0652175,23.0
4981,3.1666667,3.0
4982,3.5,1.0
4987,4.0,1.0
4989,3.1666667,6.0
4990,2.7777777,9.0
4991,4.25,2.0
4992,2.94,25.0
4993,4.0428176,362.0
4994,3.1,10.0
4995,3.9777777,225.0
4996,4.0,2.0
4998,3.9,5.0
4999,5.0,1.0
5001,4.5,1.0
5002,3.5833333,6.0
5004,3.95,10.0
5005,4.5,1.0
5007,4.1666665,3.0
5008,4.0833335,12.0
5009,3.1333334,15.0
5010,3.6098902,91.0
5011,2.5,1.0
5012,2.3333333,3.0
5013,3.7875,40.0
5014,3.4571428,35.0
5015,3.2833333,30.0
5016,3.5,7.0
5017,3.9285715,7.0
5021,4.25,8.0
5022,3.0,1.0
5024,3.0,1.0
5025,2.7380953,21.0
5026,3.4375,16.0
5027,2.3636363,11.0
5028,0.5,1.0
5029,3.0,1.0
5033,3.5,1.0
5034,3.6,5.0
5035,4.0,1.0
5036,2.0,1.0
5038,5.0,1.0
5039,3.6111112,9.0
5040,2.8,10.0
5046,3.0,3.0
5047,3.0,8.0
5048,2.0,6.0
5049,3.475,20.0
5051,4.0,9.0
5053,2.0,1.0
5054,3.375,4.0
5055,3.6666667,9.0
5056,3.875,4.0
5058,3.75,2.0
5059,5.0,1.0
5060,3.5677967,59.0
5061,3.0,1.0
5062,2.8333333,3.0
5064,3.8023255,43.0
5065,3.4117646,17.0
5066,3.3214285,14.0
5069,4.5,3.0
5071,3.5,3.0
5072,3.1875,8.0
5073,4.0,1.0
5074,2.8333333,6.0
5075,4.0,2.0
5076,3.3333333,3.0
5080,3.25,2.0
5081,2.857143,7.0
5085,3.5,2.0
5088,4.0,1.0
5091,4.0,3.0
5092,3.4166667,6.0
5093,2.75,12.0
5094,2.6666667,6.0
5095,4.5,1.0
5096,2.6666667,3.0
5099,4.1666665,3.0
5102,2.75,6.0
5103,3.878788,33.0
5105,4.0,7.0
5106,1.4166666,6.0
5107,2.9166667,12.0
5108,3.6666667,12.0
5109,2.5,5.0
5110,3.5833333,30.0
5111,2.875,4.0
5112,3.0,1.0
5118,2.5,1.0
5119,3.3333333,3.0
5120,3.875,12.0
5121,4.25,2.0
5122,3.3333333,3.0
5125,3.1666667,3.0
5126,2.25,2.0
5127,2.5,4.0
5128,2.4166667,12.0
5134,4.3333335,3.0
5135,3.764706,17.0
5137,3.0,1.0
5139,4.0,14.0
5141,2.5,1.0
5142,3.0,1.0
5145,3.75,2.0
5146,3.9285715,7.0
5147,3.9210527,19.0
5151,2.84375,16.0
5152,3.6111112,27.0
5153,5.0,2.0
5155,3.0,2.0
5157,3.5,1.0
5159,3.2222223,9.0
5160,1.5,2.0
5164,2.0,2.0
5165,3.0,3.0
5169,3.6666667,3.0
5170,2.8333333,3.0
5171,2.8809524,21.0
5172,1.6428572,7.0
5174,3.5,1.0
5175,3.0,1.0
5177,4.25,6.0
5180,1.5,1.0
5184,2.625,4.0
5185,0.5,1.0
5187,3.5,3.0
5190,4.5,1.0
5194,4.5,1.0
5197,3.5,1.0
5198,3.9166667,6.0
5199,3.5,2.0
5202,4.0,1.0
5205,5.0,1.0
5208,4.5,1.0
5211,2.0,1.0
5213,2.5,1.0
5214,2.0,2.0
5215,4.0,1.0
5217,4.0,1.0
5218,3.662393,117.0
5219,3.131579,38.0
5220,2.8333333,12.0
5222,3.2727273,11.0
5224,3.5,2.0
5225,3.85,30.0
5226,3.5,1.0
5227,4.0,1.0
5228,3.0,1.0
5231,2.0,1.0
5232,3.3333333,3.0
5234,3.0,3.0
5235,5.0,1.0
5236,0.5,1.0
5237,3.8,5.0
5238,3.0,2.0
5240,3.5,1.0
5241,3.0,1.0
5244,3.5,2.0
5246,2.5,3.0
5247,2.7,5.0
5250,3.0,4.0
5254,3.127907,43.0
5255,2.3,5.0
5262,3.0,1.0
5263,2.75,2.0
5264,3.1666667,3.0
5265,3.3888888,9.0
5266,3.2,45.0
5267,3.6176472,17.0
5268,3.0,2.0
5269,3.4,5.0
5272,3.0,3.0
5275,3.5,1.0
5276,3.5,2.0
5277,2.5,1.0
5278,0.5,1.0
5279,2.6666667,3.0
5282,3.0,2.0
5283,3.1666667,15.0
5284,3.5,1.0
5288,3.5,3.0
5291,4.071429,28.0
5292,3.46875,16.0
5293,3.3333333,12.0
5294,3.8846154,13.0
5296,2.625,12.0
5297,1.3333334,3.0
5298,1.75,2.0
5299,3.3470588,85.0
5300,4.0833335,6.0
5303,3.75,12.0
5304,4.0,3.0
5305,2.8333333,3.0
5308,2.9666667,15.0
5309,1.9090909,11.0
5310,3.0,3.0
5312,2.9444444,9.0
5313,2.75,28.0
5314,5.0,1.0
5316,3.4,5.0
5319,3.8333333,3.0
5321,2.5,1.0
5323,2.2692308,13.0
5324,2.5,2.0
5325,3.5714285,7.0
5328,3.5,3.0
5329,4.0,2.0
5333,4.1666665,3.0
5334,2.6666667,3.0
5337,3.0,2.0
5339,3.5,5.0
5341,4.75,2.0
5344,4.0,2.0
5346,2.4166667,6.0
5347,3.0,1.0
5348,3.5,1.0
5349,3.5219781,182.0
5351,4.0,1.0
5352,3.3333333,3.0
5353,3.25,2.0
5357,3.25,6.0
5358,3.5,1.0
5359,3.75,2.0
5361,4.5,1.0
5363,2.75,2.0
5364,3.5294118,17.0
5366,2.0,1.0
5367,4.0,5.0
5368,4.0,2.0
5372,2.8333333,3.0
5373,4.25,2.0
5377,3.5948277,58.0
5378,3.0253623,138.0
5379,3.375,4.0
5380,3.0,11.0
5381,3.5,1.0
5382,2.8,5.0
5383,3.8333333,3.0
5385,4.0,5.0
5387,3.1,5.0
5388,3.3854167,48.0
5389,2.8333333,9.0
5391,3.5,2.0
5392,3.25,4.0
5398,4.25,2.0
5399,2.5,2.0
5400,3.590909,22.0
5401,3.3888888,9.0
5404,3.6,5.0
5409,3.5,3.0
5410,3.75,2.0
5413,2.0,1.0
5414,3.125,8.0
5415,3.6,5.0
5416,4.0,1.0
5417,3.85,10.0
5418,3.9894514,237.0
5419,2.5526316,19.0
5420,3.0454545,11.0
5421,3.75,8.0
5422,3.3333333,3.0
5423,3.75,4.0
5424,3.5,2.0
5425,4.0,2.0
5427,2.5,1.0
5428,2.8333333,3.0
5433,2.5833333,6.0
5434,3.75,2.0
5437,3.5,2.0
5438,3.25,2.0
5439,1.75,2.0
5440,3.8333333,3.0
5443,3.1666667,3.0
5444,3.294643,56.0
5445,3.7512438,201.0
5446,4.15625,16.0
5447,2.8333333,3.0
5448,1.75,2.0
5449,2.9285715,28.0
5450,3.2,5.0
5451,3.5,1.0
5452,1.9444444,9.0
5453,3.3333333,3.0
5455,1.5,2.0
5456,1.5,1.0
5458,2.0,1.0
5459,3.0714285,112.0
5460,4.0,3.0
5462,4.0,1.0
5463,3.0,22.0
5464,3.7153847,65.0
5468,3.0,1.0
5469,2.5,2.0
5470,4.2,5.0
5471,0.75,2.0
5472,2.5,2.0
5475,3.857143,7.0
5476,2.25,4.0
5477,3.625,8.0
5478,2.2142856,7.0
5479,3.0,8.0
5480,2.2222223,9.0
5481,2.85,70.0
5482,2.1666667,3.0
5483,3.4,5.0
5484,3.75,2.0
5486,1.0,1.0
5489,4.25,8.0
5495,2.0,1.0
5497,3.0,1.0
5498,4.6666665,3.0
5499,3.3333333,3.0
5500,3.7333333,15.0
5501,1.1666666,3.0
5502,3.1588786,107.0
5503,4.0,2.0
5504,3.0,9.0
5505,3.03125,16.0
5506,3.3,5.0
5507,2.7435896,39.0
5508,3.2777777,9.0
5509,1.0,1.0
5513,4.0,1.0
5515,4.6666665,6.0
5516,4.5,1.0
5519,1.0,1.0
5521,3.0,1.0
5522,3.0,5.0
5523,2.2222223,9.0
5524,2.6875,8.0
5525,3.5,4.0
5527,3.125,4.0
5528,3.578125,32.0
5529,2.5,2.0
5530,2.5,8.0
5531,2.75,2.0
5538,1.25,2.0
5539,2.25,2.0
5540,3.7916667,12.0
5541,2.9318182,22.0
5544,4.0,2.0
5546,1.3,5.0
5548,3.75,4.0
5550,2.0,1.0
5552,4.0,1.0
5553,3.6,5.0
5555,4.0,1.0
5556,2.6666667,3.0
5557,3.5,1.0
5560,4.0,1.0
5561,3.0,3.0
5563,2.5,3.0
5564,3.0,5.0
5568,3.25,2.0
5569,3.625,4.0
5570,4.5,1.0
5572,3.25,10.0
5573,2.5,2.0
5574,3.3723404,47.0
5577,3.1111112,9.0
5580,3.5,2.0
5581,2.0,1.0
5582,2.3333333,3.0
5584,2.375,4.0
5585,2.5,4.0
5588,1.25,4.0
5589,4.0,2.0
5591,4.0,3.0
5593,4.5,2.0
5596,2.5,1.0
5597,2.6666667,3.0
5598,1.0,1.0
5599,2.5,1.0
5600,3.0,2.0
5602,3.9,5.0
5603,4.75,2.0
5604,3.5,2.0
5605,4.5,3.0
5606,4.0,1.0
5607,4.1666665,3.0
5608,3.9705882,17.0
5609,2.5,1.0
5610,2.7,5.0
5611,2.8333333,9.0
5612,2.5,1.0
5613,2.625,4.0
5617,3.425926,27.0
5618,4.236111,180.0
5619,3.25,2.0
5620,3.142857,28.0
5621,2.5,17.0
5625,3.2857144,7.0
5628,3.625,8.0
5630,3.41,50.0
5632,3.625,4.0
5633,4.3,5.0
5635,3.5,1.0
5636,2.375,4.0
5638,2.875,4.0
5639,2.5,2.0
5640,4.0,2.0
5641,2.5,2.0
5642,3.375,4.0
5643,3.8333333,6.0
5644,4.0,2.0
5646,3.75,2.0
5647,1.0,1.0
5649,4.1666665,6.0
5650,4.05,10.0
5651,3.5,2.0
5653,4.0,3.0
5657,3.0,3.0
5660,4.0,3.0
5663,2.25,4.0
5665,2.6,5.0
5666,3.75,4.0
5667,3.2,5.0
5668,3.5625,8.0
5669,3.6032608,92.0
5670,3.75,2.0
5672,0.5,1.0
5673,3.7361112,36.0
5677,2.75,2.0
5679,3.4712644,87.0
5680,3.6666667,3.0
5682,3.3333333,3.0
5684,3.25,2.0
5685,3.8333333,9.0
5686,4.5,2.0
5688,3.0,1.0
5689,3.0,4.0
5690,4.1153846,39.0
5691,1.0,3.0
5692,3.0,1.0
5693,3.3666666,15.0
5694,2.0,3.0
5696,3.0,3.0
5699,2.5,1.0
5703,2.0,1.0
5705,3.0,1.0
5706,2.0,1.0
5707,3.6666667,3.0
5712,3.5833333,6.0
5714,1.0,1.0
5715,3.0,1.0
5717,1.75,2.0
5718,2.5,1.0
5726,3.0,1.0
5727,3.0,1.0
5730,2.8333333,3.0
5731,3.0,1.0
5732,3.0,1.0
5734,0.5,1.0
5735,1.0,1.0
5736,4.0,1.0
5737,4.0,1.0
5739,0.5,1.0
5740,1.0,1.0
5741,3.5,1.0
5743,4.0,1.0
5745,1.0,1.0
5747,3.2916667,12.0
5749,3.375,4.0
5752,5.0,1.0
5755,2.0,2.0
5761,2.5,1.0
5762,4.0,1.0
5768,1.75,4.0
5769,3.8333333,3.0
5770,3.0,1.0
5771,2.3333333,3.0
5772,3.8461537,13.0
5777,3.0,1.0
5779,0.5,1.0
5780,3.5,3.0
5782,4.0789475,19.0
5783,4.0,1.0
5784,3.1923077,13.0
5785,2.232143,28.0
5788,3.0,1.0
5791,3.3823528,17.0
5792,3.0,5.0
5796,2.9166667,6.0
5797,3.75,2.0
5799,3.0,1.0
5800,3.25,2.0
5801,3.3333333,3.0
5803,2.8333333,6.0
5804,2.4444444,9.0
5806,4.0,1.0
5809,3.75,2.0
5810,3.076087,46.0
5812,3.3333333,12.0
5813,3.0,1.0
5816,3.648148,162.0
5817,2.5,1.0
5820,4.2,5.0
5822,2.6666667,3.0
5825,4.5,1.0
5826,3.5,1.0
5829,3.0,2.0
5830,3.8,5.0
5833,3.6875,8.0
5834,4.0,1.0
5839,3.5,2.0
5840,3.75,2.0
5841,2.125,4.0
5842,2.5,2.0
5843,2.7,5.0
5844,3.0,2.0
5847,3.5,1.0
5853,3.53125,16.0
5854,2.5,1.0
5855,3.5,2.0
5859,3.1666667,3.0
5864,3.0,1.0
5867,4.1,5.0
5872,3.0,39.0
5873,4.3333335,3.0
5874,3.4375,8.0
5875,4.1666665,3.0
5876,3.625,8.0
5878,4.1,25.0
5879,2.75,6.0
5881,3.25,26.0
5882,3.6333334,15.0
5883,2.0,1.0
5888,4.5,3.0
5890,3.5,4.0
5891,2.6,5.0
5893,3.1666667,3.0
5896,3.0,1.0
5898,3.3333333,3.0
5899,3.0,7.0
5900,2.6666667,9.0
5901,3.0,1.0
5902,3.9577465,71.0
5903,3.8656716,67.0
5907,3.0,1.0
5909,2.0,3.0
5914,3.0,1.0
5916,4.0,2.0
5918,2.75,2.0
5923,2.0,1.0
5924,3.0,1.0
5927,4.0,1.0
5928,2.5,1.0
5931,5.0,1.0
5932,4.3333335,3.0
5936,4.5,1.0
5938,3.0,2.0
5940,4.5,1.0
5941,3.0,5.0
5942,2.7666667,15.0
5943,2.5384614,13.0
5944,3.2,20.0
5945,3.6851852,27.0
5947,4.25,4.0
5949,3.375,4.0
5951,2.75,2.0
5952,4.0619946,371.0
5954,3.671875,32.0
5955,4.1666665,6.0
5956,3.5703125,64.0
5957,3.1666667,24.0
5958,3.125,4.0
5959,3.3888888,9.0
5960,3.6666667,3.0
5961,3.3333333,3.0
5962,1.75,2.0
5963,4.0,1.0
5965,4.0,5.0
5966,2.5,1.0
5968,3.0,2.0
5969,2.2,5.0
5970,3.3333333,12.0
5971,4.2153845,65.0
5972,3.5,1.0
5974,3.5,1.0
5975,3.0,2.0
5979,1.0,1.0
5980,4.0,1.0
5983,3.5,1.0
5984,3.5,1.0
5988,2.5,1.0
5989,3.9719627,214.0
5990,2.0,1.0
5991,3.298387,62.0
5992,3.8157895,38.0
5993,4.0,2.0
5994,4.0,1.0
5995,4.092,125.0
5996,1.0,1.0
5999,2.25,2.0
6000,2.5,1.0
6001,3.6818182,11.0
6002,3.1666667,3.0
6003,3.5,18.0
6005,3.625,4.0
6006,2.9166667,6.0
6008,3.5,2.0
6010,2.0,1.0
6012,2.857143,7.0
6013,2.6666667,3.0
6014,1.5,3.0
6016,4.105042,119.0
6017,3.5,2.0
6020,3.75,2.0
6021,3.75,2.0
6023,4.0,2.0
6025,4.0,1.0
6027,4.5,1.0
6031,5.0,1.0
6032,5.0,2.0
6033,2.5,1.0
6035,4.0,2.0
6039,3.125,4.0
6040,3.0,5.0
6041,4.0,1.0
6047,3.5,1.0
6049,4.25,2.0
6050,4.5,1.0
6051,3.75,2.0
6057,2.6666667,3.0
6058,3.1764705,17.0
6059,3.2708333,24.0
6060,3.1666667,3.0
6062,4.071429,7.0
6063,4.25,4.0
6064,4.0,1.0
6066,3.5,1.0
6067,4.0,1.0
6072,3.25,2.0
6075,3.0,1.0
6077,3.0,2.0
6078,2.625,4.0
6082,3.8333333,3.0
6087,2.75,2.0
6089,2.0,1.0
6093,3.5,5.0
6094,4.0,1.0
6095,2.5,1.0
6096,4.0,1.0
6100,3.375,4.0
6101,4.375,4.0
6102,3.0,1.0
6104,3.7222223,18.0
6107,3.75,2.0
6114,2.0,1.0
6115,4.0,1.0
6118,4.0,1.0
6120,2.0,1.0
6121,3.0,1.0
6122,4.25,2.0
6123,4.1666665,3.0
6124,1.75,2.0
6125,4.0,1.0
6126,3.8333333,3.0
6132,3.0,1.0
6135,2.1666667,3.0
6136,4.5,2.0
6139,4.5,1.0
6140,2.5,1.0
6141,3.25,2.0
6143,3.0,1.0
6144,4.5,1.0
6147,3.5,1.0
6151,4.5,1.0
6153,1.8333334,3.0
6154,3.0,1.0
6155,3.25,40.0
6156,2.8809524,21.0
6157,2.5441177,34.0
6158,2.0,3.0
6159,3.5,3.0
6162,3.75,6.0
6163,3.8,5.0
6166,2.9375,8.0
6169,2.0,1.0
6170,3.5,5.0
6173,4.0,1.0
6174,2.5,1.0
6176,2.75,2.0
6177,3.5,1.0
6180,3.0,1.0
6181,2.0,1.0
6182,4.0,1.0
6183,4.0,3.0
6184,3.3888888,9.0
6185,2.75,4.0
6186,3.5,2.0
6187,3.71875,16.0
6188,3.5714285,56.0
6190,2.0,1.0
6192,3.5,1.0
6193,4.0,2.0
6195,4.0,2.0
6196,1.8333334,6.0
6197,3.1,10.0
6201,4.0,2.0
6202,3.5,1.0
6204,1.0,1.0
6211,4.5,1.0
6212,2.8888888,9.0
6213,3.5555556,9.0
6214,3.4444444,9.0
6215,3.125,4.0
6216,4.25,6.0
6217,3.75,2.0
6218,3.2307692,52.0
6219,2.5,1.0
6220,2.6666667,3.0
6222,2.5,1.0
6223,3.1875,8.0
6229,2.5,1.0
6230,3.5,1.0
6231,3.5,1.0
6232,4.1666665,3.0
6234,2.6666667,3.0
6235,3.75,6.0
6237,5.0,1.0
6238,3.125,8.0
6239,2.5,1.0
6240,3.25,2.0
6241,4.5,2.0
6242,3.8846154,13.0
6243,2.375,4.0
6244,3.5,1.0
6245,4.5,1.0
6247,3.0,1.0
6248,3.0,1.0
6249,1.5,1.0
6250,2.25,8.0
6252,2.25,2.0
6254,2.25,4.0
6255,0.5,1.0
6258,3.0,2.0
6260,5.0,1.0
6263,3.1,5.0
6264,2.6944444,18.0
6265,3.5,1.0
6266,3.6363637,11.0
6268,4.0,2.0
6270,3.5,6.0
6271,3.6,5.0
6272,3.5,1.0
6273,3.75,2.0
6277,4.0,1.0
6279,3.75,2.0
6280,1.25,2.0
6281,3.4714286,35.0
6283,3.6666667,27.0
6286,4.142857,7.0
6287,2.9534883,43.0
6288,3.9,5.0
6290,3.2142856,7.0
6291,4.1,5.0
6294,2.7142856,14.0
6295,3.0,1.0
6296,3.7,15.0
6297,3.5,29.0
6298,0.5,2.0
6299,3.625,4.0
6300,3.5,2.0
6301,3.7333333,15.0
6303,4.15,10.0
6304,3.0,1.0
6305,3.375,16.0
6306,4.0,1.0
6308,2.375,4.0
6313,3.5,1.0
6314,5.0,1.0
6315,3.5,1.0
6316,2.6666667,3.0
6320,3.0,1.0
6322,3.5,7.0
6323,3.5243902,41.0
6325,0.5,2.0
6329,4.0,1.0
6330,2.5,1.0
6331,3.7857144,21.0
6332,3.5,2.0
6333,3.5652175,115.0
6334,3.5,1.0
6335,3.75,2.0
6337,2.3333333,3.0
6338,2.9285715,7.0
6339,3.8333333,3.0
6341,1.0,1.0
6344,2.5,2.0
6345,4.5,1.0
6348,1.0,1.0
6349,3.0,1.0
6350,4.1969695,33.0
6351,2.8333333,3.0
6352,2.75,2.0
6355,3.0,1.0
6356,3.875,4.0
6357,2.5,2.0
6358,2.25,2.0
6365,3.3694267,157.0
6366,4.0,1.0
6367,2.7,10.0
6368,3.0,1.0
6370,4.0,8.0
6371,1.1,5.0
6373,3.2842104,95.0
6374,3.0,1.0
6376,4.0,1.0
6377,3.8279352,247.0
6378,3.402299,87.0
6379,2.625,4.0
6380,4.1666665,6.0
6382,2.5,1.0
6383,2.5641026,39.0
6385,3.9285715,21.0
6387,4.5,1.0
6391,4.0,1.0
6392,3.75,2.0
6394,3.5,1.0
6395,3.0,1.0
6396,3.0,2.0
6398,3.625,4.0
6400,5.0,1.0
6401,2.5,3.0
6403,1.0,1.0
6404,2.5,1.0
6405,3.75,2.0
6406,3.0,1.0
6409,4.0,2.0
6410,1.0,1.0
6413,2.75,2.0
6414,2.5,1.0
6416,4.0,1.0
6417,4.0,1.0
6422,4.0,2.0
6423,3.5,1.0
6424,3.4,5.0
6425,2.6666667,3.0
6426,2.5,3.0
6427,3.5,1.0
6428,3.5,3.0
6429,4.75,2.0
6430,4.0,1.0
6433,4.3333335,6.0
6436,4.5,2.0
6438,3.0,1.0
6439,1.0,1.0
6440,3.5961537,26.0
6441,2.625,4.0
6442,3.3333333,3.0
6446,3.5,1.0
6448,4.0555553,9.0
6449,3.5,1.0
6454,3.5,1.0
6457,4.0,1.0
6459,3.5,2.0
6460,3.5,4.0
6461,4.1,5.0
6462,4.5,1.0
6464,1.75,2.0
6466,4.0,1.0
6475,2.0,1.0
6476,2.75,2.0
6478,3.375,4.0
6480,3.0,1.0
6481,3.0,1.0
6482,1.8235294,17.0
6484,2.9,5.0
6485,1.0,1.0
6486,3.5,1.0
6487,3.5,1.0
6488,2.5,1.0
6493,2.1666667,3.0
6502,3.6770833,96.0
6503,2.2575758,33.0
6505,3.5,1.0
6509,4.375,4.0
6517,2.5,1.0
6518,3.5,1.0
6519,3.5,1.0
6522,5.0,1.0
6524,3.25,2.0
6525,1.5,1.0
6528,3.0,1.0
6530,3.25,2.0
6533,4.0,1.0
6534,2.559322,59.0
6535,2.6052632,19.0
6536,4.0,2.0
6537,3.1216216,74.0
6538,2.8666666,15.0
6539,3.852459,244.0
6541,2.7432432,37.0
6542,4.1666665,3.0
6545,3.0,3.0
6547,3.25,2.0
6548,3.1463416,41.0
6550,2.7307692,13.0
6552,4.111111,9.0
6558,3.0,4.0
6559,2.375,4.0
6560,2.5,1.0
6561,4.0,1.0
6562,3.5,1.0
6564,2.7666667,15.0
6565,3.847826,23.0
6566,1.5833334,6.0
6567,3.5,4.0
6568,4.5,3.0
6572,3.5,1.0
6575,1.0,1.0
6576,3.0,1.0
6579,4.3333335,3.0
6581,5.0,1.0
6582,3.375,4.0
6583,3.25,2.0
6584,3.5,2.0
6586,2.53125,16.0
6587,0.9,10.0
6591,3.8333333,9.0
6592,3.75,2.0
6593,2.9814816,27.0
6595,2.875,20.0
6596,0.5,1.0
6597,0.5,1.0
6598,3.75,2.0
6599,3.0,1.0
6600,3.5,1.0
6609,2.25,2.0
6611,4.0,6.0
6612,3.3333333,3.0
6614,2.6666667,3.0
6615,2.4642856,14.0
6616,2.5,2.0
6617,3.9166667,6.0
6618,3.8125,16.0
6619,2.3,5.0
6620,3.9423077,26.0
6624,2.0,2.0
6625,2.5,2.0
6628,3.0,2.0
6629,4.0,1.0
6630,4.1666665,3.0
6631,2.5,1.0
6636,3.357143,7.0
6638,2.0,1.0
6639,4.4375,8.0
6641,3.5,1.0
6642,3.0,1.0
6643,3.7222223,9.0
6645,3.6875,16.0
6646,2.1666667,3.0
6650,4.3125,8.0
6652,4.25,2.0
6653,4.0,1.0
6657,2.5,1.0
6658,3.5,5.0
6659,3.275,20.0
6660,3.0,3.0
6662,3.775,20.0
6663,3.5,8.0
6664,3.1764705,17.0
6666,3.5625,8.0
6668,4.5,1.0
6669,4.5,9.0
6670,3.0,1.0
6671,2.75,2.0
6672,4.0,1.0
6676,4.0,1.0
6678,4.5,1.0
6685,0.5,1.0
6686,2.375,4.0
6687,3.5,4.0
6695,2.5833333,6.0
6696,2.5,1.0
6701,4.0,1.0
6702,3.0,1.0
6703,1.75,2.0
6705,4.3333335,3.0
6707,3.25,4.0
6708,3.6551723,29.0
6709,3.0714285,28.0
6710,3.6,5.0
6711,3.842742,124.0
6713,3.9166667,12.0
6718,3.5,1.0
6720,2.25,4.0
6721,4.1666665,3.0
6722,3.75,2.0
6723,5.0,1.0
6724,4.0555553,9.0
6725,1.5,1.0
6727,4.0,1.0
6730,3.25,2.0
6731,3.5,9.0
6732,2.875,4.0
6734,3.0,1.0
6741,3.0,2.0
6743,2.0,1.0
6744,3.5,1.0
6745,1.0,1.0
6747,2.0,1.0
6748,3.5,4.0
6749,0.5,1.0
6750,2.6666667,3.0
6751,2.0,1.0
6753,3.868421,19.0
6754,3.4468086,47.0
6755,3.5833333,12.0
6760,4.0,1.0
6762,4.0,1.0
6763,2.4,5.0
6764,3.6,15.0
6765,3.6923077,13.0
6768,3.6666667,3.0
6770,3.7142856,7.0
6772,4.0,1.0
6773,3.9772727,22.0
6774,3.8823528,17.0
6776,4.3333335,3.0
6777,3.875,4.0
6779,4.5,1.0
6780,2.5,1.0
6781,1.5,1.0
6783,4.125,4.0
6784,5.0,1.0
6785,3.0,2.0
6786,4.3333335,3.0
6787,4.0348835,43.0
6789,4.0,1.0
6790,3.5,3.0
6791,3.71875,16.0
6793,2.5416667,12.0
6794,1.75,4.0
6796,3.9130435,23.0
6797,3.25,4.0
6800,2.4,5.0
6801,4.5,1.0
6802,3.0,1.0
6803,3.3,5.0
6804,2.5,1.0
6805,3.25,2.0
6807,3.9910715,56.0
6808,4.1875,8.0
6809,2.8333333,3.0
6810,3.2142856,7.0
6811,3.5,1.0
6813,3.0,1.0
6816,4.0,2.0
6817,2.5,1.0
6818,3.8333333,9.0
6820,3.9375,8.0
6821,1.5,1.0
6827,1.0,1.0
6828,4.0,1.0
6829,3.0,1.0
6830,5.0,1.0
6832,3.25,4.0
6837,2.75,2.0
6842,3.5,1.0
6848,3.0,1.0
6849,3.0,1.0
6850,3.0833333,6.0
6851,2.25,2.0
6852,3.9285715,7.0
6854,3.5,1.0
6856,3.8333333,3.0
6857,3.7272727,11.0
6858,4.0,2.0
6862,2.875,8.0
6863,3.5723684,76.0
6867,4.1190476,21.0
6868,3.5,4.0
6869,3.8,5.0
6870,3.7333333,75.0
6871,3.75,2.0
6872,0.5,1.0
6873,3.2045455,22.0
6874,3.7436974,238.0
6879,3.3,15.0
6880,2.5625,8.0
6881,3.5,12.0
6882,3.5,2.0
6883,3.0,1.0
6884,3.5,3.0
6885,0.5,1.0
6887,3.1,10.0
6888,2.8076923,13.0
6889,3.1875,16.0
6890,3.5833333,12.0
6893,3.5,16.0
6896,4.5,1.0
6898,4.25,2.0
6900,3.0,1.0
6902,4.6,5.0
6909,3.3,5.0
6918,3.75,2.0
6920,4.1666665,6.0
6927,2.75,8.0
6932,2.9375,8.0
6934,3.2093024,129.0
6935,4.5,1.0
6936,3.360294,68.0
6939,4.5,2.0
6942,3.8367348,98.0
6944,3.46875,16.0
6945,5.0,1.0
6946,2.0714285,7.0
6947,3.6101694,59.0
6950,3.5,2.0
6951,2.4166667,6.0
6952,2.6052632,19.0
6953,3.7894738,38.0
6954,3.6,5.0
6957,3.2608695,23.0
6958,2.75,6.0
6959,2.3125,8.0
6961,1.5,1.0
6963,3.6666667,3.0
6965,3.0,2.0
6966,3.3,5.0
6967,4.0,2.0
6969,4.0,1.0
6971,4.25,2.0
6972,4.0,1.0
6973,2.5,2.0
6974,3.2,5.0
6975,3.2272727,11.0
6976,3.0,1.0
6977,3.0,2.0
6978,3.642857,7.0
6979,3.642857,35.0
6981,1.0,2.0
6983,4.0,1.0
6984,4.0,3.0
6985,3.9444444,9.0
6986,4.125,4.0
6987,3.3333333,9.0
6989,3.75,4.0
6990,4.125,4.0
6991,3.1666667,3.0
6992,3.1666667,3.0
6993,4.0555553,18.0
6994,3.0,3.0
6995,0.875,4.0
6996,2.2142856,7.0
6997,3.0,1.0
6998,4.0,1.0
6999,3.0,3.0
7000,3.125,4.0
7001,3.75,4.0
7002,4.5,1.0
7004,3.35,20.0
7005,2.5,5.0
7006,2.75,2.0
7007,3.5,7.0
7008,3.5625,8.0
7009,3.6666667,3.0
7010,3.6666667,3.0
7012,3.0,3.0
7013,3.7272727,11.0
7014,3.5,2.0
7015,3.5,1.0
7017,2.4,5.0
7018,3.642857,7.0
7019,2.5,2.0
7020,2.5,2.0
7021,2.0,1.0
7022,4.0384617,39.0
7023,3.0,6.0
7024,3.3,5.0
7025,3.75,2.0
7026,2.25,2.0
7027,3.45,10.0
7028,4.2,5.0
7029,2.0,2.0
7030,3.5,3.0
7032,3.25,2.0
7033,3.625,4.0
7034,3.1666667,6.0
7035,4.0,1.0
7036,2.7142856,7.0
7038,4.0,1.0
7039,3.5,1.0
7040,3.2,10.0
7041,3.0,4.0
7042,4.0,4.0
7043,3.4,5.0
7044,3.5,7.0
7045,2.8333333,6.0
7046,3.5714285,7.0
7048,3.0833333,6.0
7049,3.75,2.0
7050,4.0,1.0
7051,2.75,2.0
7054,3.75,2.0
7055,3.1666667,3.0
7056,5.0,2.0
7057,4.0,1.0
7058,3.5,2.0
7059,3.5,2.0
7060,3.75,4.0
7061,3.1666667,3.0
7062,3.857143,7.0
7063,4.035714,14.0
7064,3.857143,7.0
7065,2.357143,7.0
7066,3.25,2.0
7067,3.5,3.0
7068,4.1,5.0
7069,5.0,1.0
7071,3.8333333,3.0
7072,3.5625,8.0
7073,4.0,4.0
7074,3.3333333,3.0
7075,3.625,4.0
7076,3.8125,8.0
7078,4.0,2.0
7079,3.5,1.0
7080,3.3,5.0
7082,3.3333333,3.0
7083,2.5,1.0
7084,3.875,4.0
7085,3.0,1.0
7086,4.125,4.0
7087,3.625,4.0
7088,4.0,1.0
7089,3.6666667,3.0
7090,3.8454545,55.0
7091,3.9,5.0
7096,3.5,1.0
7099,4.0540543,37.0
7101,3.4166667,6.0
7102,3.0833333,6.0
7103,4.0,1.0
7104,3.25,4.0
7107,3.875,4.0
7108,4.5,1.0
7115,3.1875,8.0
7116,3.85,10.0
7117,2.8333333,3.0
7119,2.75,2.0
7121,4.1666665,3.0
7122,3.75,2.0
7123,3.6,10.0
7124,3.75,4.0
7125,3.5,1.0
7126,3.0,1.0
7128,2.1666667,3.0
7130,3.0,1.0
7132,3.5769231,13.0
7134,3.3333333,3.0
7135,4.1,5.0
7136,4.5,3.0
7137,3.8125,8.0
7139,3.9583333,12.0
7142,2.9,5.0
7143,3.6344087,93.0
7147,3.6909091,110.0
7148,2.5,2.0
7149,3.4210527,19.0
7150,1.7857143,7.0
7151,3.7857144,14.0
7152,3.0,1.0
7153,4.0776834,354.0
7154,3.40625,16.0
7155,3.2777777,9.0
7156,4.25,20.0
7157,2.0,1.0
7158,3.125,12.0
7160,3.7222223,27.0
7161,2.9285715,7.0
7162,3.607143,28.0
7163,3.0789473,19.0
7164,3.5454545,11.0
7165,3.8333333,3.0
7167,3.0,1.0
7169,3.142857,7.0
7172,4.0,1.0
7173,3.142857,28.0
7175,2.5,1.0
7177,2.75,2.0
7178,1.75,2.0
7181,2.5,1.0
7184,3.5,1.0
7186,3.75,2.0
7192,4.5,1.0
7193,4.5,2.0
7194,4.0,1.0
7198,2.5,2.0
7199,4.0,1.0
7202,4.0,1.0
7206,4.3333335,6.0
7207,2.75,2.0
7208,3.25,2.0
7209,3.8,5.0
7210,4.3333335,6.0
7212,3.5,3.0
7215,4.125,4.0
7216,3.75,2.0
7217,3.1666667,3.0
7218,4.0,1.0
7220,2.0,1.0
7222,1.75,2.0
7223,3.75,2.0
7225,3.6666667,6.0
7228,1.875,4.0
7234,3.7,5.0
7235,3.3333333,3.0
7236,3.1666667,6.0
7238,2.75,2.0
7241,4.25,2.0
7243,3.8333333,3.0
7247,3.3333333,9.0
7249,3.0,1.0
7250,3.0,2.0
7251,3.0,1.0
7252,3.5,1.0
7254,3.5904763,105.0
7255,2.5,2.0
7256,4.1666665,21.0
7258,3.0,1.0
7259,1.375,4.0
7260,4.0,1.0
7261,2.8,5.0
7262,2.0,1.0
7263,3.4545455,11.0
7265,4.0,3.0
7266,3.0,1.0
7267,4.0,1.0
7270,4.0,1.0
7283,2.0,1.0
7285,3.5,10.0
7293,3.4076922,65.0
7294,1.75,2.0
7297,3.5,1.0
7299,3.5,1.0
7300,3.0,1.0
7303,3.375,4.0
7305,3.5,1.0
7306,4.0,1.0
7307,3.5,2.0
7308,3.0,3.0
7309,4.0,1.0
7310,2.0,1.0
7311,3.75,6.0
7313,1.0,2.0
7315,2.5,1.0
7316,2.3333333,6.0
7317,2.9423077,26.0
7318,3.362069,29.0
7319,2.125,4.0
7320,2.0,3.0
7321,2.5,1.0
7323,3.511628,43.0
7324,3.65,10.0
7325,3.0208333,24.0
7327,3.9,15.0
7328,3.0,1.0
7333,3.6,5.0
7334,3.5,3.0
7335,2.8333333,3.0
7336,3.0,1.0
7340,3.0,1.0
7345,0.5,1.0
7346,3.152174,23.0
7347,3.0217392,23.0
7348,3.5833333,6.0
7349,4.0,1.0
7352,4.0,1.0
7354,2.6666667,3.0
7359,3.0,1.0
7360,3.6041667,48.0
7361,4.061927,218.0
7362,3.3125,8.0
7364,2.625,4.0
7365,4.5,1.0
7366,2.3846154,13.0
7367,3.075,20.0
7369,2.1875,8.0
7371,3.675,20.0
7372,2.75,4.0
7373,3.3214285,70.0
7374,1.7142857,7.0
7375,3.2142856,7.0
7376,2.6666667,6.0
7377,3.5,3.0
7379,2.8,5.0
7380,3.3666666,15.0
7381,2.7857144,7.0
7382,3.0,2.0
7383,4.5,1.0
7385,4.0,1.0
7386,3.8529413,17.0
7387,3.5227273,22.0
7388,3.5,2.0
7394,3.0,1.0
7396,4.0,5.0
7405,1.5,1.0
7416,4.5,1.0
7419,4.09375,16.0
7437,3.75,2.0
7438,3.8823528,204.0
7439,3.1785715,14.0
7444,3.1969697,33.0
7445,3.8333333,51.0
7448,1.9,5.0
7449,2.3333333,3.0
7450,3.25,2.0
7451,3.5984848,66.0
7453,4.0,2.0
7454,2.7580645,31.0
7455,2.5,1.0
7458,3.5133333,75.0
7459,4.25,2.0
7460,3.5384614,13.0
7477,2.5,1.0
7478,4.0,1.0
7479,3.75,2.0
7480,3.0,2.0
7481,3.5625,8.0
7482,3.5,16.0
7484,4.0,4.0
7485,3.1666667,3.0
7486,4.5,4.0
7489,4.3333335,3.0
7491,2.5,1.0
7492,3.5,1.0
7505,4.0,1.0
7541,2.7,5.0
7560,4.25,4.0
7561,3.5,1.0
7562,4.2,5.0
7564,4.0,6.0
7566,2.75,4.0
7569,3.5357144,14.0
7570,2.892857,14.0
7571,3.0,1.0
7572,3.5,1.0
7573,2.7857144,7.0
7574,4.0,2.0
7578,2.5,1.0
7579,3.5,3.0
7583,3.5,1.0
7584,3.9166667,6.0
7586,4.0,1.0
7587,4.0,10.0
7613,2.25,2.0
7614,3.0,2.0
7615,3.5,1.0
7616,3.75,2.0
7617,3.5,1.0
7618,3.3333333,6.0
7619,4.1666665,3.0
7620,4.0,1.0
7624,3.2142856,7.0
7626,3.0,1.0
7636,4.25,2.0
7637,2.0,2.0
7646,2.5,1.0
7647,5.0,3.0
7669,3.857143,14.0
7697,3.5,1.0
7698,3.625,8.0
7700,4.3,5.0
7701,2.15,10.0
7702,3.625,4.0
7704,2.0,3.0
7705,3.25,2.0
7706,3.4285715,7.0
7707,2.75,2.0
7708,3.75,2.0
7713,3.5714285,7.0
7714,4.0,1.0
7719,4.0,1.0
7720,3.7,5.0
7725,1.5,1.0
7728,3.4,5.0
7730,3.25,2.0
7743,3.6666667,3.0
7745,3.5,2.0
7748,3.4285715,7.0
7749,2.5,1.0
7753,3.5,1.0
7756,3.25,2.0
7757,2.9444444,9.0
7759,3.75,2.0
7766,3.8636363,11.0
7767,4.5,2.0
7771,3.2,5.0
7773,4.0,4.0
7781,3.25,4.0
7782,3.8333333,3.0
7786,4.75,2.0
7790,3.25,2.0
7791,3.0,2.0
7792,4.0,1.0
7802,3.9285715,7.0
7809,3.0,1.0
7815,4.0,1.0
7817,3.4,5.0
7818,3.0,2.0
7820,2.8,5.0
7821,4.5,1.0
7826,3.0,5.0
7827,3.6666667,3.0
7831,3.5,1.0
7832,3.5,2.0
7833,4.0,2.0
7834,4.0,3.0
7835,5.0,1.0
7836,4.0,5.0
7839,3.5,1.0
7840,3.9,5.0
7842,3.6,15.0
7844,2.75,2.0
7845,1.6666666,3.0
7846,3.3333333,6.0
7878,3.0,1.0
7879,3.5,1.0
7881,3.1666667,3.0
7882,3.0,1.0
7883,4.0,2.0
7884,4.0,1.0
7888,4.0,4.0
7889,3.5,1.0
7892,0.5,1.0
7893,3.3333333,3.0
7894,3.5,1.0
7896,2.5,2.0
7897,2.25,2.0
7898,2.5,1.0
7899,3.5,2.0
7900,2.6666667,3.0
7913,4.5,1.0
7917,1.0,1.0
7919,3.5,1.0
7924,4.5,3.0
7925,3.357143,7.0
7926,4.375,4.0
7930,3.0,2.0
7932,4.1666665,3.0
7933,3.0,2.0
7934,3.3888888,9.0
7936,4.0,1.0
7937,4.0,2.0
7938,4.0,5.0
7939,4.5,4.0
7940,5.0,1.0
7941,3.25,2.0
7942,4.5,1.0
7943,3.0,2.0
7947,3.5,1.0
7951,3.875,4.0
7954,4.0,1.0
7976,3.375,4.0
7979,3.3333333,3.0
7980,3.625,12.0
7981,3.9,15.0
7982,3.75,4.0
7983,3.6666667,3.0
7986,4.0,1.0
7987,3.6666667,3.0
7990,2.0,1.0
7991,3.25,4.0
7992,3.25,2.0
7993,3.0,1.0
8008,4.0,1.0
8010,4.25,2.0
8011,4.0,2.0
8012,3.3125,8.0
8014,3.547619,21.0
8015,2.5,1.0
8016,3.75,2.0
8017,4.0,1.0
8019,3.25,4.0
8024,2.0,1.0
8025,3.5,2.0
8033,3.9166667,6.0
8039,3.6666667,3.0
8040,2.25,2.0
8042,3.4666667,15.0
8044,3.25,2.0
8045,3.3333333,3.0
8056,4.0,1.0
8062,1.5,1.0
8092,3.25,2.0
8093,4.5,1.0
8094,4.125,4.0
8117,4.5,1.0
8118,2.5,2.0
8119,2.8333333,3.0
8121,2.75,2.0
8123,3.0,1.0
8125,3.25,4.0
8128,4.3,5.0
8129,2.75,2.0
8130,2.0,2.0
8131,3.5,4.0
8132,3.725,20.0
8133,3.5,1.0
8134,3.5,1.0
8137,5.0,1.0
8143,3.0,1.0
8147,4.25,2.0
8153,4.0,1.0
8154,4.1153846,13.0
8157,3.7,5.0
8158,3.5,4.0
8167,3.5,3.0
8169,3.5769231,13.0
8183,3.6666667,3.0
8187,4.0,1.0
8188,4.0,1.0
8190,4.5,1.0
8191,4.0,1.0
8195,4.5,1.0
8196,3.125,4.0
8197,4.5,1.0
8199,4.0,2.0
8206,4.0,1.0
8207,3.7142856,7.0
8208,3.0,1.0
8225,3.2,5.0
8227,4.0,1.0
8228,4.1764708,17.0
8235,3.875,4.0
8236,3.75,2.0
8239,4.5,1.0
8240,3.0,1.0
8253,4.5,3.0
8254,3.6875,8.0
8258,3.0,3.0
8260,4.5,1.0
8261,3.75,4.0
8263,3.0,1.0
8264,3.5,3.0
8265,2.75,2.0
8266,2.5,3.0
8268,3.1666667,3.0
8270,3.5,1.0
8272,3.5,1.0
8273,4.0,1.0
8275,3.5,1.0
8291,4.0,2.0
8292,4.5,1.0
8327,4.5,1.0
8330,4.0,1.0
8334,3.75,2.0
8335,4.5,1.0
8338,2.875,4.0
8340,3.6333334,15.0
8341,3.6666667,3.0
8360,3.6171875,128.0
8361,3.0597014,67.0
8362,5.0,1.0
8363,3.25,4.0
8364,3.6,5.0
8365,3.3333333,3.0
8366,3.6,10.0
8367,4.5,1.0
8368,3.925373,134.0
8369,3.25,6.0
8370,3.85,10.0
8371,3.8,35.0
8372,1.3214285,14.0
8373,2.775,20.0
8376,3.523077,65.0
8377,2.5,1.0
8378,3.0,2.0
8382,2.5,1.0
8383,3.0,1.0
8385,3.875,4.0
8387,2.2,5.0
8395,4.5,1.0
8400,3.0,1.0
8401,4.0,1.0
8404,2.75,2.0
8405,2.0,2.0
8423,4.0,1.0
8426,3.0,1.0
8446,3.0,1.0
8451,1.75,2.0
8456,4.5,1.0
8459,3.1666667,3.0
8462,3.5,2.0
8463,4.0,1.0
8464,3.3432837,67.0
8477,2.875,4.0
8478,4.0,1.0
8481,3.5,1.0
8482,3.0,1.0
8485,4.25,4.0
8487,3.5,1.0
8488,2.0,1.0
8491,4.1666665,6.0
8492,3.7,5.0
8493,3.65,10.0
8494,3.6666667,3.0
8495,2.0,1.0
8496,3.5,1.0
8501,3.25,6.0
8502,4.5,1.0
8503,3.25,2.0
8507,2.75,4.0
8512,3.0,2.0
8516,4.3333335,3.0
8520,3.3333333,3.0
8521,3.5,2.0
8522,4.0,1.0
8525,3.0,1.0
8526,3.1818182,11.0
8527,2.5,1.0
8528,3.2698412,63.0
8529,3.5373135,67.0
8530,3.8,5.0
8531,2.642857,14.0
8532,3.0,2.0
8533,3.5566037,53.0
8535,3.5,2.0
8537,2.5,2.0
8542,4.142857,7.0
8572,4.0,1.0
8574,3.0,1.0
8575,3.5,1.0
8576,3.6666667,6.0
8578,4.25,2.0
8580,2.8333333,3.0
8581,4.2,5.0
8583,3.5,1.0
8584,3.5,1.0
8587,4.0,1.0
8589,3.3333333,3.0
8591,3.5,3.0
8593,4.0,1.0
8595,2.0,2.0
8596,3.7916667,12.0
8600,3.6666667,3.0
8604,3.5,9.0
8605,2.75,4.0
8607,3.8333333,9.0
8609,4.5,1.0
8610,3.5,13.0
8614,3.6666667,6.0
8616,3.5,1.0
8617,4.0,1.0
8618,2.0,2.0
8620,3.6666667,6.0
8622,3.5652175,46.0
8623,3.8888888,9.0
8629,5.0,1.0
8631,3.5,1.0
8633,3.9642856,14.0
8634,4.0,1.0
8636,3.524,125.0
8638,3.8958333,24.0
8640,3.0833333,12.0
8641,3.4836066,61.0
8643,3.1875,16.0
8644,3.525,120.0
8645,3.7333333,15.0
8649,3.0,1.0
8651,2.25,2.0
8656,3.9,5.0
8657,3.0,1.0
8660,1.0,1.0
8661,3.6666667,3.0
8665,3.7572465,138.0
8666,1.6470588,17.0
8667,4.75,2.0
8670,2.8,5.0
8681,4.5,1.0
8684,4.25,2.0
8690,3.75,6.0
8694,3.75,2.0
8695,4.75,2.0
8702,4.0,1.0
8709,2.0,1.0
8710,3.25,2.0
8711,4.5,2.0
8712,3.8333333,3.0
8713,3.5,1.0
8714,1.5,1.0
8718,3.0,1.0
8724,4.75,2.0
8725,4.25,2.0
8726,4.0,1.0
8730,5.0,2.0
8731,4.0,1.0
8732,4.5,1.0
8733,5.0,1.0
8736,3.5,1.0
8738,3.75,2.0
8739,4.0,2.0
8746,4.0,1.0
8747,3.75,2.0
8748,3.3333333,3.0
8749,3.0,1.0
8751,3.5,1.0
8752,3.625,4.0
8754,4.0,1.0
8761,5.0,1.0
8762,3.0,1.0
8765,4.5,1.0
8767,3.5,2.0
8768,4.0,3.0
8770,2.5,1.0
8772,2.9,5.0
8773,3.0,1.0
8781,3.3913043,23.0
8782,2.75,2.0
8783,3.2222223,54.0
8784,3.5833333,66.0
8785,4.0,2.0
8787,2.75,2.0
8793,2.5,1.0
8795,4.0,1.0
8796,2.5,1.0
8797,4.0,1.0
8798,3.6375,80.0
8799,2.0,2.0
8800,3.75,2.0
8805,3.5,1.0
8807,3.3970587,34.0
8808,2.85,10.0
8810,2.8064516,31.0
8811,3.0,1.0
8813,3.5,3.0
8814,2.6666667,3.0
8815,3.75,2.0
8818,5.0,1.0
8823,3.0,1.0
8827,3.7916667,12.0
8830,2.25,4.0
8831,2.25,2.0
8832,3.0,1.0
8833,4.1666665,3.0
8835,2.3333333,3.0
8836,3.2,5.0
8838,3.375,4.0
8839,2.75,2.0
8840,4.0,1.0
8841,3.5,1.0
8844,3.5,1.0
8846,3.25,2.0
8847,2.0,1.0
8848,4.0,1.0
8851,3.5,1.0
8854,3.5,1.0
8859,2.75,2.0
8860,2.7777777,9.0
8861,3.3541667,24.0
8864,3.0,2.0
8865,2.75,26.0
8866,3.15,10.0
8868,1.5,1.0
8869,3.3333333,3.0
8870,3.125,8.0
8872,4.0,1.0
8873,3.9333334,30.0
8874,3.8464286,140.0
8879,3.5714285,7.0
8880,3.142857,14.0
8884,3.0,1.0
8885,4.5,1.0
8886,3.0,1.0
8899,3.5,2.0
8905,3.125,4.0
8906,2.875,8.0
8907,2.547619,21.0
8908,3.1666667,3.0
8910,3.5952382,21.0
8911,2.625,4.0
8912,1.7,5.0
8913,3.75,2.0
8914,3.8703704,27.0
8915,3.5,2.0
8916,2.4,5.0
8917,3.5263157,38.0
8918,4.5,2.0
8919,3.0,1.0
8921,4.0,1.0
8922,4.0,1.0
8923,3.5,2.0
8927,2.5,1.0
8928,3.8333333,3.0
8929,0.5,1.0
8930,4.25,2.0
8932,0.5,1.0
8933,4.0,2.0
8934,2.5,1.0
8935,0.5,1.0
8937,3.3,10.0
8938,4.0,1.0
8939,3.25,4.0
8941,2.5,2.0
8943,4.0,1.0
8946,4.5,1.0
8947,2.840909,22.0
8948,2.6666667,9.0
8949,3.7421875,64.0
8950,3.9262295,61.0
8951,4.5,2.0
8955,4.25,4.0
8956,2.625,4.0
8957,3.1666667,81.0
8958,3.7307692,26.0
8959,4.0,3.0
8961,3.7688441,199.0
8963,3.5,1.0
8965,3.2205882,34.0
8966,3.7777777,18.0
8967,2.6666667,3.0
8968,3.75,2.0
8969,2.9166667,18.0
8970,3.7708333,48.0
8971,5.0,1.0
8972,3.484127,63.0
8973,3.5714285,7.0
8974,3.3,10.0
8977,2.4375,8.0
8978,2.25,2.0
8981,3.8846154,26.0
8983,3.75,30.0
8984,3.4736843,57.0
8985,2.6842105,19.0
8989,4.0,1.0
8998,3.5,1.0
8999,5.0,1.0
9000,1.5,1.0
9004,1.75,2.0
9005,3.25,2.0
9010,3.7142856,7.0
9013,3.0,2.0
9014,4.0,1.0
9018,4.1666665,3.0
25736,5.0,1.0
25738,5.0,1.0
25742,4.0,1.0
25744,4.0,1.0
25750,4.4375,8.0
25753,4.5,2.0
25755,4.25,2.0
25757,1.5,1.0
25763,4.0,1.0
25764,3.5,1.0
25769,4.25,2.0
25771,3.25,4.0
25773,4.0,2.0
25774,4.0,2.0
25777,5.0,1.0
25785,3.0,2.0
25788,3.0,2.0
25793,4.0,1.0
25795,4.3333335,3.0
25798,4.25,2.0
25802,3.5,2.0
25807,3.5,1.0
25825,3.5,1.0
25827,2.5,1.0
25828,4.0,2.0
25839,3.25,2.0
25841,2.5,1.0
25850,3.5,1.0
25856,4.0,2.0
25865,4.0,1.0
25870,2.5,1.0
25891,3.5,2.0
25893,3.75,2.0
25898,2.8333333,3.0
25904,4.0,1.0
25911,3.0,1.0
25916,3.0,1.0
25923,4.0,1.0
25926,4.5,1.0
25927,4.25,2.0
25930,3.0,1.0
25934,3.75,2.0
25937,3.5,1.0
25938,3.0,1.0
25940,3.5,4.0
25941,4.0,1.0
25943,1.5,1.0
25946,3.25,2.0
25954,4.1666665,3.0
25959,3.5,1.0
25961,1.5,1.0
25963,3.8333333,6.0
25971,4.5,1.0
25975,3.5,2.0
25977,3.5,1.0
25980,5.0,1.0
25995,4.0,1.0
25996,4.125,4.0
26002,3.75,2.0
26003,4.0,1.0
26005,3.5,1.0
26007,3.5,1.0
26012,3.75,4.0
26051,3.0,1.0
26052,3.2,5.0
26055,4.0,1.0
26073,5.0,1.0
26082,4.571429,7.0
26084,3.8333333,3.0
26085,3.8333333,3.0
26090,5.0,1.0
26094,4.5,1.0
26101,5.0,1.0
26111,4.0,4.0
26113,4.0,1.0
26116,2.0,3.0
26119,5.0,1.0
26122,4.25,2.0
26124,3.0,1.0
26131,4.5833335,6.0
26133,3.7777777,9.0
26134,3.0,2.0
26138,4.0,1.0
26142,3.5,1.0
26147,4.0,1.0
26150,4.571429,7.0
26151,4.0,4.0
26152,3.5,6.0
26153,2.5,1.0
26158,4.0,2.0
26159,4.5,1.0
26163,4.3333335,3.0
26164,2.0,1.0
26170,3.5,1.0
26171,3.8333333,3.0
26172,3.75,2.0
26183,4.5,2.0
26184,2.75,2.0
26189,4.0,1.0
26195,2.0,2.0
26198,3.0,1.0
26199,3.0,2.0
26203,3.5,1.0
26208,4.25,2.0
26222,4.0,1.0
26225,3.0,3.0
26226,3.0,1.0
26231,4.5,1.0
26236,4.5,1.0
26237,3.0,1.0
26240,3.0,1.0
26241,4.0,2.0
26242,3.75,10.0
26246,3.5,1.0
26248,3.0,1.0
26256,4.5,1.0
26257,3.0,1.0
26258,3.5,5.0
26259,2.5,1.0
26265,3.0,1.0
26269,3.3333333,3.0
26270,4.0,1.0
26280,2.5,1.0
26285,2.9166667,6.0
26289,4.0,1.0
26294,3.5,1.0
26306,4.5,1.0
26313,4.0,1.0
26317,2.5,1.0
26318,4.0,4.0
26322,3.0,1.0
26324,3.25,2.0
26326,4.5833335,6.0
26340,3.75,2.0
26345,4.5,1.0
26346,3.0,1.0
26349,3.9,5.0
26350,3.0,2.0
26356,3.5,1.0
26359,4.5,2.0
26365,2.5,1.0
26366,4.25,2.0
26375,3.25,2.0
26379,5.0,1.0
26386,2.6666667,3.0
26388,3.5,1.0
26391,1.0,1.0
26394,4.5,1.0
26398,3.625,4.0
26399,3.5,1.0
26400,3.0,1.0
26413,4.75,2.0
26414,3.5,1.0
26417,4.5,1.0
26418,4.5,1.0
26422,3.5,2.0
26425,4.0,8.0
26448,4.0,1.0
26462,4.25,2.0
26463,4.5,1.0
26465,2.0,1.0
26467,3.75,2.0
26471,4.071429,7.0
26472,4.0,2.0
26476,5.0,1.0
26479,4.0,2.0
26483,3.0,2.0
26485,2.75,4.0
26487,3.0,1.0
26491,3.25,2.0
26492,3.125,4.0
26493,5.0,1.0
26504,3.3333333,3.0
26512,4.0,1.0
26513,3.25,4.0
26539,4.5,1.0
26540,4.0,1.0
26547,3.8,5.0
26554,4.0,2.0
26555,3.0833333,12.0
26558,3.375,4.0
26565,3.0,1.0
26567,3.0,1.0
26578,4.6666665,3.0
26581,4.0,1.0
26587,4.5,2.0
26593,2.0,1.0
26602,4.5,1.0
26603,4.0,1.0
26612,3.0,1.0
26629,3.3333333,6.0
26630,2.25,2.0
26644,5.0,1.0
26662,3.982143,28.0
26663,4.0,1.0
26676,5.0,1.0
26680,2.8125,8.0
26681,4.25,2.0
26686,2.5,1.0
26688,2.75,2.0
26694,4.0,1.0
26695,3.5,1.0
26696,2.5,2.0
26699,4.0,1.0
26702,3.25,2.0
26704,3.8333333,3.0
26712,3.0,3.0
26713,3.4285715,7.0
26726,3.5,1.0
26728,2.0,1.0
26729,4.0,7.0
26731,4.0,2.0
26736,0.5,1.0
26745,4.5,1.0
26749,4.0,1.0
26750,3.75,2.0
26776,3.8,30.0
26788,3.5,1.0
26812,4.0,1.0
26819,2.6666667,3.0
26838,4.0,2.0
26840,3.8333333,3.0
26861,3.5,1.0
26865,4.3,5.0
26870,3.25,4.0
26901,4.5,1.0
26903,3.7222223,9.0
26925,2.0,2.0
26938,3.0,1.0
26939,4.1666665,3.0
26947,3.25,2.0
26965,4.5,1.0
26974,2.8,5.0
27003,1.0,1.0
27004,2.5,1.0
27005,3.5,2.0
27020,3.5,4.0
27022,4.1666665,3.0
27032,3.7,5.0
27033,3.75,4.0
27040,5.0,1.0
27067,3.25,2.0
27073,4.5,1.0
27109,3.375,4.0
27124,3.5,1.0
27152,3.5,2.0
27156,4.1153846,13.0
27162,3.5,1.0
27163,2.75,2.0
27172,2.0,1.0
27178,4.0,2.0
27186,3.5,2.0
27193,3.1,5.0
27198,1.8333334,3.0
27266,3.3125,8.0
27304,5.0,1.0
27317,3.6153846,13.0
27326,2.75,2.0
27327,3.5,1.0
27338,3.0,1.0
27351,3.5,2.0
27362,2.75,2.0
27368,3.25,2.0
27373,3.5,1.0
27376,4.0,1.0
27391,3.75,2.0
27397,3.9,5.0
27408,3.5,1.0
27416,3.6,5.0
27432,3.0,1.0
27441,3.5,1.0
27469,3.5,1.0
27473,2.0,1.0
27478,2.3333333,3.0
27482,2.3333333,3.0
27491,2.25,2.0
27513,2.25,2.0
27523,3.75,2.0
27544,4.0,1.0
27550,3.0,1.0
27563,3.0,2.0
27584,3.5,1.0
27592,4.7777777,9.0
27604,1.0,1.0
27608,3.0,4.0
27618,1.75,2.0
27627,3.5,1.0
27636,3.25,2.0
27644,4.0,1.0
27660,3.46,25.0
27664,4.0,1.0
27674,4.0,2.0
27685,3.1666667,3.0
27689,3.0,1.0
27700,4.0,5.0
27704,1.5,3.0
27706,3.38,25.0
27716,3.6666667,3.0
27721,3.8636363,11.0
27722,4.0,1.0
27727,4.1666665,3.0
27728,3.6666667,12.0
27729,4.0,1.0
27731,3.9375,8.0
27738,3.75,2.0
27741,4.0,7.0
27744,3.0,1.0
27746,3.0,3.0
27754,3.5,2.0
27772,3.6666667,3.0
27773,4.1354165,96.0
27788,3.625,8.0
27790,2.7,5.0
27792,2.5,1.0
27793,1.8,5.0
27800,4.25,2.0
27801,3.55,10.0
27803,4.3333335,3.0
27808,3.5,15.0
27812,5.0,1.0
27815,4.0625,8.0
27816,3.5,1.0
27820,4.25,2.0
27821,3.375,12.0
27822,3.142857,7.0
27828,2.25,2.0
27831,3.5416667,12.0
27834,4.5,4.0
27837,2.5,2.0
27839,1.5714285,7.0
27846,3.7142856,7.0
27850,4.0,1.0
27865,3.5,1.0
27869,4.75,2.0
27871,3.6666667,3.0
27873,3.5,3.0
27876,1.5,1.0
27878,4.2,5.0
27879,3.75,2.0
27888,4.0,1.0
27899,2.4166667,6.0
27904,3.7142856,28.0
27905,3.0,3.0
27912,4.0,2.0
30701,4.5,1.0
30707,3.6306818,88.0
30712,4.5,1.0
30742,0.5,1.0
30745,3.5,1.0
30747,0.5,1.0
30749,3.9518073,83.0
30791,4.5,2.0
30793,3.0434783,92.0
30803,3.7857144,14.0
30810,3.8444445,45.0
30812,3.7238805,67.0
30816,3.625,12.0
30818,2.75,2.0
30820,3.7142856,7.0
30822,3.6923077,13.0
30825,3.1060605,33.0
30846,3.75,2.0
30848,4.0,1.0
30850,4.2,5.0
30867,3.5,1.0
30883,2.0,1.0
30894,2.5,3.0
30898,3.375,4.0
30991,3.5,1.0
30996,3.5,1.0
31026,1.0,2.0
31032,2.0,1.0
31035,3.8333333,3.0
31079,3.0,1.0
31086,5.0,1.0
31101,3.6666667,3.0
31107,3.5,1.0
31114,2.5,1.0
31116,3.8333333,3.0
31123,3.5,1.0
31148,3.0,1.0
31162,3.5,1.0
31184,3.3333333,3.0
31188,2.9,5.0
31193,3.7142856,7.0
31221,2.4444444,9.0
31223,3.5,5.0
31225,3.9,10.0
31251,3.0,2.0
31255,4.5,1.0
31260,4.0,1.0
31270,3.6,5.0
31284,2.5,1.0
31309,4.5,1.0
31347,3.0,1.0
31359,3.8333333,3.0
31362,3.5,2.0
31364,3.8636363,11.0
31367,2.25,2.0
31374,3.5,1.0
31408,4.0,1.0
31410,4.104651,43.0
31420,3.2272727,11.0
31422,2.9285715,7.0
31424,0.5,2.0
31427,3.25,8.0
31431,1.8,5.0
31433,3.25,8.0
31435,4.5,2.0
31437,3.5,1.0
31445,2.0,1.0
31485,4.0,1.0
31502,2.8333333,3.0
31522,4.0,1.0
31524,4.5,1.0
31528,4.5,1.0
31545,4.0,2.0
31547,2.5,1.0
31549,2.5,1.0
31553,1.5,1.0
31555,1.5,1.0
31588,3.5,1.0
31617,3.0,1.0
31658,3.9577465,71.0
31660,3.4166667,6.0
31685,3.4215686,51.0
31687,3.0,1.0
31689,2.5,1.0
31694,3.6875,8.0
31696,3.3898306,59.0
31698,0.5,1.0
31700,3.0,1.0
31702,3.25,4.0
31737,3.75,2.0
31785,4.0,1.0
31804,3.1875,8.0
31807,1.0,1.0
31851,4.5,1.0
31867,4.0,1.0
31878,3.9230769,26.0
31894,2.0,1.0
31903,4.0,2.0
31923,4.0,4.0
31934,2.0,1.0
31950,3.5,1.0
31952,3.75,4.0
31956,4.5,1.0
31991,5.0,1.0
31998,4.5,1.0
32011,1.5,1.0
32017,2.5,8.0
32019,2.8333333,6.0
32025,3.5,1.0
32029,3.35,10.0
32031,3.1111112,18.0
32058,2.5,1.0
32076,4.0,1.0
32078,3.0,1.0
32128,4.0,1.0
32160,5.0,1.0
32170,2.0,1.0
32174,4.0,1.0
32179,3.75,2.0
32213,2.3333333,9.0
32250,5.0,1.0
32289,2.0,1.0
32291,3.0,3.0
32296,2.25,10.0
32298,2.875,4.0
32300,2.8333333,3.0
32302,4.0,1.0
32316,3.8333333,3.0
32352,4.0,1.0
32442,3.5,1.0
32452,4.5,1.0
32460,3.75,8.0
32511,4.0,1.0
32525,2.5,1.0
32562,3.5,2.0
32587,3.712838,148.0
32589,2.5,1.0
32591,4.0,2.0
32596,2.8333333,9.0
32598,3.642857,7.0
32600,3.0,1.0
32627,2.1666667,3.0
32632,3.25,2.0
32649,4.5,1.0
32657,4.5,2.0
32659,3.5,1.0
32666,4.0,1.0
32686,4.0,1.0
32735,3.75,2.0
32743,4.5,2.0
32781,3.5,1.0
32825,3.0,2.0
32840,4.6666665,3.0
32875,3.0,1.0
32892,4.125,8.0
32898,3.1666667,3.0
32914,2.5,2.0
32943,3.1666667,3.0
33004,3.4491525,59.0
33019,4.0,1.0
33021,3.5,1.0
33036,4.3333335,3.0
33072,4.0,2.0
33085,3.1,10.0
33110,1.0,1.0
33113,3.5,1.0
33136,5.0,1.0
33138,3.6666667,3.0
33145,3.25,2.0
33154,4.321429,14.0
33158,1.85,10.0
33162,3.2413793,29.0
33164,1.75,4.0
33166,3.8275862,58.0
33171,3.75,8.0
33245,4.0,1.0
33270,4.0,1.0
33288,4.0,2.0
33294,2.5,1.0
33312,3.0,1.0
33316,3.0,1.0
33340,5.0,1.0
33358,3.0,1.0
33410,4.0,2.0
33421,4.0,1.0
33437,3.625,8.0
33451,3.8333333,3.0
33454,4.5,1.0
33493,3.3140495,121.0
33495,2.875,4.0
33499,2.1,5.0
33558,3.5,1.0
33585,2.125,4.0
33615,3.5,43.0
33629,4.0,1.0
33639,3.8333333,3.0
33646,2.6538463,13.0
33649,2.75,2.0
33660,3.987805,41.0
33669,3.3333333,9.0
33672,3.5833333,6.0
33675,4.5,1.0
33679,3.3333333,90.0
33681,2.6666667,3.0
33683,3.375,8.0
33685,1.0,1.0
33688,5.0,1.0
33709,3.75,2.0
33779,4.2,5.0
33794,3.8589108,202.0
33808,3.5,1.0
33815,2.5,1.0
33817,3.75,4.0
33819,2.75,2.0
33823,2.0,1.0
33830,2.6,5.0
33834,3.0714285,14.0
33836,2.5,9.0
33838,4.75,2.0
33861,3.5,1.0
33880,3.5714285,7.0
33896,3.5,2.0
33903,4.3333335,9.0
33966,2.0,1.0
34002,4.0,1.0
34032,3.5,1.0
34045,3.5,1.0
34048,3.064516,93.0
34051,2.0,1.0
34057,3.0,1.0
34065,3.5,1.0
34072,3.840909,22.0
34111,5.0,1.0
34129,2.5,2.0
34143,2.1666667,3.0
34148,4.375,4.0
34150,2.6323528,34.0
34153,3.8,5.0
34155,4.0,2.0
34162,3.7905405,74.0
34164,3.0,3.0
34198,3.6666667,3.0
34271,3.4166667,6.0
34292,3.25,2.0
34314,3.0,1.0
34319,3.010204,49.0
34321,5.0,1.0
34323,3.1875,8.0
34326,4.1,5.0
34332,2.8461537,13.0
34334,2.1,5.0
34336,3.25,6.0
34338,3.6,10.0
34359,3.0,1.0
34375,2.5,1.0
34405,3.8263888,72.0
34435,3.0,1.0
34437,3.7708333,24.0
34466,5.0,1.0
34520,1.9166666,6.0
34523,3.5,2.0
34528,3.5,3.0
34530,3.05,10.0
34532,3.4545455,11.0
34534,2.857143,7.0
34536,2.8333333,3.0
34542,3.7727273,11.0
34552,3.1,5.0
34579,4.0,1.0
34583,3.5,1.0
34645,2.5,1.0
34648,1.0,1.0
34767,3.5,1.0
34811,3.375,4.0
35015,4.5,2.0
35347,3.3888888,9.0
35836,3.540404,99.0
35957,2.892857,14.0
36276,3.25,2.0
36289,3.25,4.0
36363,2.5,3.0
36397,1.75,2.0
36401,2.7857144,28.0
36509,1.0,2.0
36517,3.732143,28.0
36519,3.34375,16.0
36525,3.7,10.0
36527,3.6666667,6.0
36529,3.7264152,53.0
36531,3.5,1.0
36533,3.3333333,3.0
36535,3.5769231,13.0
36537,3.8,5.0
36539,2.0,1.0
36850,4.75,2.0
36883,3.75,2.0
37240,4.125,4.0
37380,2.15,10.0
37382,2.857143,7.0
37384,3.5,9.0
37386,3.0,16.0
37475,3.5833333,6.0
37477,3.25,2.0
37545,0.5,1.0
37720,3.0833333,6.0
37727,2.7857144,21.0
37729,3.71,50.0
37731,3.7,15.0
37733,3.637931,29.0
37736,3.5,2.0
37739,4.0,3.0
37741,3.6956522,23.0
37785,2.5,1.0
37830,3.2272727,11.0
37844,4.0,1.0
37853,2.6666667,3.0
37855,3.25,2.0
37857,3.8,5.0
38038,3.857143,35.0
38061,3.9,50.0
38304,3.75,2.0
38320,4.0,1.0
38388,3.8333333,3.0
38583,4.0,1.0
38600,3.8333333,3.0
38656,2.0,1.0
38798,3.5,8.0
38843,5.0,1.0
38886,3.3333333,12.0
38992,3.25,2.0
38994,2.6666667,3.0
39183,3.703125,64.0
39231,3.0769231,13.0
39234,2.5,2.0
39292,3.6904762,21.0
39381,3.9,5.0
39398,3.5,1.0
39400,1.0,2.0
39414,3.3125,8.0
39419,4.3333335,3.0
39427,3.15,10.0
39435,3.5,10.0
39444,3.0,6.0
39446,3.1551723,29.0
39449,3.25,4.0
39703,4.5,1.0
39768,4.0,2.0
39777,3.0,1.0
39818,1.0,1.0
39869,4.0,3.0
39886,5.0,1.0
39896,3.5,1.0
39941,3.0,2.0
40010,4.0,1.0
40033,3.6666667,3.0
40148,4.125,8.0
40278,3.42,25.0
40339,2.85,20.0
40412,4.1666665,3.0
40414,4.142857,7.0
40457,4.0,1.0
40491,4.0,1.0
40574,1.0,1.0
40581,3.5625,8.0
40583,3.2222223,18.0
40586,3.0,1.0
40614,3.3333333,3.0
40617,2.0,2.0
40629,3.8382354,34.0
40723,2.75,6.0
40732,3.3913043,23.0
40752,4.0,1.0
40755,4.0,1.0
40815,3.7058823,153.0
40819,3.780303,66.0
40826,3.0,6.0
40851,3.5,9.0
40870,2.5,1.0
40887,1.5,1.0
40946,3.25,2.0
40952,3.0,2.0
40955,2.0,2.0
40959,3.5,3.0
40966,2.8333333,3.0
40973,3.0,3.0
41025,2.0,1.0
41136,3.5,1.0
41285,3.9833333,30.0
41411,4.0,1.0
41425,2.25,2.0
41527,3.0,2.0
41566,3.4310346,87.0
41569,3.0566037,53.0
41571,3.7272727,22.0
41573,3.142857,14.0
41627,3.75,2.0
41712,4.0,1.0
41716,3.2,5.0
41721,2.8333333,3.0
41724,3.5,2.0
41753,3.0,1.0
41815,4.0,1.0
41831,2.0,1.0
41863,3.75,6.0
41912,3.0,1.0
41997,3.65,40.0
42002,2.65,10.0
42004,3.5,9.0
42007,2.75,6.0
42009,3.375,4.0
42011,2.95,10.0
42013,4.0,3.0
42015,2.5,6.0
42018,3.2,5.0
42094,4.25,2.0
42163,3.75,2.0
42172,2.5,1.0
42197,3.7142856,7.0
42213,5.0,1.0
42285,2.0,1.0
42385,3.75,2.0
42418,3.5,12.0
42518,2.5,2.0
42556,3.75,2.0
42632,4.071429,7.0
42681,3.5,1.0
42718,4.2,5.0
42723,2.8125,16.0
42725,3.25,8.0
42728,3.5,5.0
42730,4.75,2.0
42732,4.5,1.0
42734,2.7222223,9.0
42738,3.14,25.0
42740,3.5,1.0
42761,5.0,1.0
42900,5.0,2.0
42935,3.0,2.0
42946,3.5,1.0
42958,3.5,1.0
43022,2.0,3.0
43177,3.0,2.0
43333,4.75,2.0
43376,4.25,4.0
43396,3.6363637,11.0
43419,1.5,1.0
43460,4.0,2.0
43497,4.0,1.0
43558,1.5,1.0
43560,3.6923077,13.0
43589,2.0,1.0
43652,3.75,2.0
43679,3.0,12.0
43699,3.5,1.0
43708,3.5,2.0
43744,2.5,5.0
43836,1.95,10.0
43869,4.0,1.0
43871,2.8846154,13.0
43883,4.0,1.0
43910,2.5,1.0
43914,2.8333333,3.0
43917,4.5,2.0
43919,1.7142857,7.0
43921,3.4285715,7.0
43923,4.0,1.0
43928,2.1538463,13.0
43930,3.8333333,3.0
43932,2.2,5.0
43936,3.3125,16.0
43983,4.0,2.0
44004,3.125,8.0
44022,3.362069,29.0
44100,4.0,1.0
44115,2.5,1.0
44153,3.5,1.0
44168,3.0,1.0
44187,3.0,1.0
44189,3.0,2.0
44191,3.8536584,164.0
44193,3.6875,16.0
44195,3.8382354,68.0
44199,3.819672,61.0
44204,3.125,4.0
44225,2.1,5.0
44301,5.0,1.0
44397,2.5,12.0
44421,5.0,1.0
44555,4.225,60.0
44587,3.5,1.0
44633,4.25,4.0
44657,4.0,1.0
44665,3.9794521,73.0
44694,3.9117646,17.0
44709,3.0,1.0
44731,2.9166667,6.0
44759,2.4285715,7.0
44761,3.6875,16.0
44777,3.5,1.0
44788,3.3,5.0
44815,3.0,1.0
44828,3.125,8.0
44840,3.125,4.0
44849,4.0,1.0
44864,2.5,1.0
44889,3.0,1.0
44900,3.3333333,3.0
44911,1.0,1.0
44929,4.25,2.0
44937,3.25,2.0
44947,4.0,1.0
44966,2.0,1.0
44972,2.107143,14.0
44974,2.9166667,18.0
45003,3.5,1.0
45028,3.125,4.0
45062,3.25,4.0
45081,3.075,20.0
45100,2.5,1.0
45106,2.25,2.0
45183,2.5,2.0
45186,3.1666667,27.0
45208,2.0,6.0
45210,3.9,15.0
45221,2.6666667,3.0
45431,3.4230769,26.0
45440,2.3,5.0
45442,2.9,5.0
45447,3.1357143,70.0
45499,3.090909,66.0
45501,3.0454545,22.0
45503,3.5,3.0
45506,4.6666665,3.0
45517,3.2192984,57.0
45525,2.0,1.0
45533,4.0,2.0
45611,5.0,1.0
45635,2.6666667,3.0
45662,2.6,5.0
45666,2.8333333,15.0
45668,3.7307692,13.0
45672,2.965909,44.0
45679,3.0,1.0
45720,3.5785713,70.0
45722,3.4770641,109.0
45726,2.8214285,14.0
45728,3.64,25.0
45730,2.7222223,9.0
45732,1.5714285,7.0
45852,3.25,2.0
45880,3.5714285,7.0
45928,3.75,4.0
45942,4.5,1.0
45950,3.5,18.0
45969,3.75,2.0
46062,2.8,10.0
46194,3.5,1.0
46322,3.7,10.0
46335,2.8095238,21.0
46337,2.1666667,3.0
46347,1.0,1.0
46530,2.9375,24.0
46559,4.0,3.0
46572,4.0,1.0
46578,3.7773438,128.0
46653,3.0,3.0
46723,3.6571429,35.0
46772,3.25,2.0
46803,3.3333333,3.0
46839,2.0,1.0
46850,4.25,4.0
46855,3.5,2.0
46865,2.1666667,3.0
46912,2.5,1.0
46919,3.75,2.0
46948,2.6875,8.0
46965,2.5833333,12.0
46967,3.2142856,7.0
46970,3.515625,32.0
46972,2.8513513,37.0
46974,2.65,10.0
46976,3.642857,49.0
47044,3.2857144,7.0
47099,4.008772,57.0
47117,4.0,1.0
47122,2.3333333,9.0
47124,2.4444444,9.0
47152,5.0,1.0
47200,3.24,25.0
47202,2.0,1.0
47254,3.625,4.0
47261,3.5,1.0
47264,3.25,4.0
47274,4.0,2.0
47382,2.8214285,14.0
47384,3.0,2.0
47394,1.0,1.0
47423,3.6666667,6.0
47465,2.5,2.0
47482,3.0,1.0
47491,4.125,4.0
47493,2.5,2.0
47516,2.0,2.0
47518,3.05,10.0
47601,4.5,1.0
47610,3.5984848,66.0
47629,3.62,25.0
47634,0.5,1.0
47640,2.875,12.0
47642,3.5,1.0
47644,2.8125,8.0
47721,3.25,2.0
47723,3.0,1.0
47725,3.0,1.0
47778,2.0,1.0
47793,3.5,1.0
47810,2.0714285,7.0
47894,3.7916667,12.0
47904,4.0,1.0
47937,3.875,4.0
47950,2.0,2.0
47952,1.25,2.0
47970,3.0,2.0
47976,3.0,1.0
47978,3.0,1.0
47997,3.0882354,34.0
47999,4.0625,8.0
48032,3.5,1.0
48035,4.0,1.0
48043,3.4230769,26.0
48059,3.0,1.0
48061,4.0,1.0
48082,3.5294118,17.0
48142,3.1875,8.0
48159,3.25,2.0
48161,3.375,4.0
48165,4.5,2.0
48229,4.0,1.0
48262,2.5,3.0
48301,5.0,1.0
48304,3.9146342,41.0
48322,2.409091,11.0
48326,3.0,1.0
48342,3.25,2.0
48385,3.2990654,107.0
48394,4.024,125.0
48412,3.4444444,9.0
48414,3.75,4.0
48416,4.5,1.0
48516,4.081761,159.0
48518,2.1666667,3.0
48520,3.0,2.0
48575,3.5,1.0
48591,2.6666667,3.0
48593,2.0,1.0
48596,1.0,1.0
48598,3.25,2.0
48673,3.5,2.0
48696,3.8,15.0
48698,4.5,3.0
48738,3.65,40.0
48741,4.0,2.0
48744,3.1666667,6.0
48774,3.995614,114.0
48780,4.0,137.0
48783,3.0,4.0
48791,3.0,1.0
48856,4.5,1.0
48872,4.5,2.0
48877,3.4210527,19.0
48879,3.0,1.0
48883,1.5,1.0
48972,5.0,1.0
48982,3.2666667,15.0
48997,3.3958333,24.0
49007,3.0,2.0
49013,1.5,3.0
49130,3.5,5.0
49132,3.8333333,3.0
49205,1.5,1.0
49263,2.0,1.0
49272,3.913534,133.0
49274,2.6578948,19.0
49278,3.953125,32.0
49280,3.3333333,3.0
49282,1.0,1.0
49284,3.375,4.0
49286,3.75,26.0
49314,1.0,1.0
49347,4.0,2.0
49359,4.0,1.0
49389,3.5,2.0
49396,3.3,10.0
49422,3.625,4.0
49524,4.5,1.0
49526,4.0,1.0
49528,2.5,1.0
49530,3.9285715,77.0
49642,1.5,1.0
49647,3.0,6.0
49649,3.1,10.0
49651,3.357143,14.0
49666,4.5,1.0
49688,4.5,1.0
49735,5.0,1.0
49772,3.75,6.0
49793,2.5,2.0
49817,3.0,1.0
49822,3.357143,7.0
49824,3.2777777,9.0
49902,2.25,2.0
49910,3.8333333,3.0
49917,4.0,1.0
49932,4.0,3.0
49957,3.0,3.0
49961,4.125,8.0
50003,2.5,3.0
50005,3.5,1.0
50011,3.25,2.0
50064,2.75,2.0
50068,3.857143,14.0
50147,2.25,2.0
50149,1.5,3.0
50153,2.0,1.0
50160,4.0,1.0
50162,3.0,4.0
50183,4.0,3.0
50229,4.5,1.0
50259,5.0,1.0
50274,4.0,2.0
50356,4.5,1.0
50442,3.25,8.0
50445,3.75,2.0
50514,4.0,2.0
50517,0.5,1.0
50583,3.0,1.0
50594,4.0,1.0
50601,3.392857,14.0
50641,4.25,2.0
50651,2.5,1.0
50658,3.25,2.0
50685,4.125,4.0
50703,2.0,2.0
50705,3.0,1.0
50740,3.75,4.0
50742,0.5,1.0
50792,3.0,3.0
50794,2.625,8.0
50796,2.5,1.0
50798,0.8888889,9.0
50800,0.5,1.0
50802,3.2142856,7.0
50804,3.8,10.0
50806,2.0833333,12.0
50842,4.5,1.0
50851,4.25,2.0
50872,3.8733332,150.0
50886,4.0,1.0
50912,3.590909,11.0
50923,3.5,3.0
50954,1.75,2.0
51007,3.75,2.0
51037,2.8333333,3.0
51044,3.5,2.0
51063,3.75,2.0
51077,2.7380953,21.0
51080,3.3,10.0
51084,2.7941177,17.0
51086,2.5333333,15.0
51088,4.0,1.0
51091,2.875,4.0
51094,3.5,1.0
51127,2.0,1.0
51167,4.25,2.0
51174,2.5,1.0
51255,3.767857,112.0
51277,3.75,2.0
51287,3.5,1.0
51312,4.1666665,3.0
51357,3.1666667,3.0
51380,2.5,1.0
51412,3.3888888,18.0
51418,2.75,2.0
51471,3.5,1.0
51498,2.0,1.0
51540,3.7589285,56.0
51545,4.0,4.0
51573,3.5,3.0
51575,3.0454545,11.0
51638,3.6666667,3.0
51662,3.5408163,147.0
51666,4.0,1.0
51678,4.0,1.0
51694,3.75,2.0
51698,3.75,2.0
51705,4.0,5.0
51709,3.3636363,11.0
51834,3.2222223,9.0
51847,2.0,1.0
51903,3.0,1.0
51925,3.6666667,3.0
51927,2.8333333,3.0
51931,3.642857,7.0
51935,3.525,40.0
51937,3.0,6.0
51939,2.85,10.0
51991,3.25,2.0
52042,3.5625,8.0
52104,3.5,2.0
52170,4.5,1.0
52227,1.5,1.0
52241,3.5833333,6.0
52245,2.8214285,28.0
52279,3.0,1.0
52281,3.6764705,34.0
52283,2.5,3.0
52285,2.5,1.0
52287,3.392857,14.0
52299,3.75,2.0
52319,3.125,4.0
52328,3.5416667,36.0
52356,2.5,1.0
52375,3.3333333,3.0
52435,3.7083333,12.0
52448,3.5,1.0
52456,1.75,2.0
52458,3.2619047,21.0
52460,2.25,2.0
52462,3.125,4.0
52495,4.0,1.0
52579,4.0,4.0
52591,2.5,4.0
52604,3.8,15.0
52644,3.25,4.0
52668,3.0,1.0
52694,3.7857144,7.0
52712,4.5,4.0
52722,2.8846154,52.0
52724,2.5,1.0
52730,3.5,1.0
52767,4.375,4.0
52806,4.0,1.0
52813,3.0,1.0
52831,3.25,2.0
52838,4.0,1.0
52885,3.7166667,30.0
52927,4.0,1.0
52950,3.1,5.0
52952,3.3333333,9.0
52967,3.5,4.0
52973,3.330357,56.0
52975,2.9615386,13.0
53000,3.148148,54.0
53002,3.0,1.0
53004,1.0,2.0
53022,3.5,1.0
53024,3.75,4.0
53121,2.6666667,33.0
53123,3.9705882,17.0
53125,3.3045976,87.0
53129,3.892857,14.0
53133,3.0,1.0
53138,4.5,2.0
53140,3.0,2.0
53143,4.5,1.0
53161,3.5,2.0
53189,3.5,5.0
53207,3.3,5.0
53318,3.5,8.0
53322,3.542373,59.0
53326,2.5,1.0
53355,3.0,1.0
53375,3.5,2.0
53435,2.6666667,3.0
53443,3.5,1.0
53447,1.5,1.0
53460,2.9375,8.0
53464,2.2586207,29.0
53466,3.0,4.0
53468,3.375,4.0
53519,3.9333334,45.0
53550,3.75,6.0
53578,3.75,2.0
53737,3.0,1.0
53769,5.0,1.0
53835,3.0,1.0
53859,2.25,2.0
53887,3.5,3.0
53894,3.3333333,15.0
53921,3.5,2.0
53953,3.152174,23.0
53956,3.5,13.0
53972,3.4134614,52.0
53974,2.8333333,3.0
53993,2.6923077,13.0
53996,3.142857,63.0
53999,2.25,4.0
54001,3.6909091,110.0
54004,3.1818182,11.0
54075,4.0,3.0
54116,1.5,1.0
54190,3.4285715,14.0
54193,4.5,1.0
54229,4.25,2.0
54256,3.5,8.0
54259,3.4347825,46.0
54272,3.378788,66.0
54276,4.25,6.0
54278,2.25,2.0
54281,3.4545455,11.0
54286,4.0072465,138.0
54290,2.25,2.0
54328,3.5,1.0
54331,3.3333333,3.0
54372,4.25,6.0
54378,3.0,1.0
54426,3.5,1.0
54503,3.7121212,99.0
54510,1.5,1.0
54513,3.5,1.0
54648,3.25,18.0
54686,2.5,1.0
54732,3.357143,7.0
54734,4.0,1.0
54736,3.5625,8.0
54738,4.1666665,3.0
54745,3.25,4.0
54768,1.5,1.0
54771,3.5,3.0
54775,2.3333333,3.0
54780,3.375,4.0
54785,2.857143,7.0
54787,3.375,4.0
54796,3.2,5.0
54872,4.0,1.0
54881,3.7333333,15.0
54908,3.625,4.0
54910,3.875,4.0
54934,3.5,1.0
54962,3.4166667,6.0
54986,4.0,1.0
54995,3.7580645,31.0
54997,3.7236843,38.0
54999,3.4166667,6.0
55020,2.5,1.0
55052,3.88,25.0
55067,4.5,1.0
55069,3.75,4.0
55080,4.0,2.0
55094,3.4375,8.0
55098,3.75,2.0
55106,4.5,1.0
55110,3.5,1.0
55118,3.9074075,27.0
55156,4.0,1.0
55167,2.8333333,3.0
55176,4.0,2.0
55190,3.5,1.0
55232,3.15625,16.0
55241,4.0,1.0
55245,2.375,4.0
55247,3.7327585,58.0
55250,2.625,4.0
55253,3.8333333,3.0
55259,2.0,1.0
55261,2.1666667,3.0
55267,3.8636363,11.0
55269,3.6585367,41.0
55272,2.875,4.0
55274,3.3333333,3.0
55276,3.8333333,24.0
55280,3.7894738,19.0
55282,3.0,11.0
55284,4.0,3.0
55286,4.0,1.0
55288,3.5,1.0
55290,3.652174,23.0
55292,1.5,1.0
55329,4.0,1.0
55363,3.96875,16.0
55417,3.5,1.0
55419,4.0,1.0
55442,4.2045455,22.0
55444,4.1,5.0
55451,3.0714285,7.0
55553,3.5,6.0
55555,3.875,4.0
55577,2.6666667,21.0
55603,3.0,2.0
55652,3.75,2.0
55687,2.8333333,3.0
55721,3.90625,16.0
55729,4.3333335,3.0
55732,4.0,4.0
55765,3.8790324,62.0
55768,3.0526316,19.0
55805,3.3214285,14.0
55814,3.5,15.0
55820,4.1466165,133.0
55830,3.05,10.0
55851,2.5,1.0
55856,4.0,1.0
55872,3.8,10.0
55895,4.0,1.0
55908,4.214286,28.0
55946,2.5,5.0
55955,3.5,3.0
55995,2.8529413,17.0
55999,2.4,5.0
56003,1.75,4.0
56015,3.5,2.0
56060,4.0,3.0
56079,5.0,1.0
56141,3.75,2.0
56145,3.55,30.0
56152,3.6571429,35.0
56156,3.125,12.0
56158,3.5,1.0
56167,3.1666667,3.0
56169,3.2,5.0
56171,2.8125,16.0
56174,3.4411764,102.0
56176,2.8125,8.0
56274,3.25,2.0
56286,4.0833335,6.0
56331,5.0,1.0
56333,3.1666667,6.0
56339,3.3333333,6.0
56350,4.0,1.0
56367,3.768595,121.0
56370,3.5,1.0
56379,3.5,1.0
56389,3.4,5.0
56432,3.0,1.0
56474,1.0,1.0
56508,3.5,3.0
56563,3.75,4.0
56587,3.4285715,35.0
56607,3.875,4.0
56633,3.5,1.0
56700,2.0,1.0
56715,3.45,10.0
56757,3.3703704,54.0
56775,3.4807692,26.0
56782,4.064935,77.0
56788,3.46875,16.0
56801,2.5,13.0
56805,3.107143,14.0
56846,3.5,1.0
56885,3.5714285,7.0
56908,3.6666667,3.0
56915,3.5,2.0
56941,3.59375,16.0
56949,2.4666667,15.0
57041,3.5,1.0
57069,4.5,1.0
57147,2.5,3.0
57183,3.8,5.0
57223,0.75,2.0
57243,3.5,3.0
57274,4.071429,14.0
57326,1.5,2.0
57353,2.5,2.0
57368,3.3877552,49.0
57370,4.0,2.0
57393,3.0,2.0
57401,3.5,1.0
57421,2.75,2.0
57453,0.5,1.0
57476,0.5,1.0
57502,4.25,2.0
57504,4.0454545,11.0
57526,3.0,4.0
57528,3.764706,17.0
57532,2.0,6.0
57534,3.125,4.0
57536,1.5,1.0
57543,3.0,1.0
57550,3.0,1.0
57637,2.8333333,3.0
57640,3.2794118,34.0
57669,3.810606,66.0
57772,3.5,3.0
57792,3.5,1.0
57845,4.0,3.0
57854,3.5,1.0
57873,3.5,1.0
57910,3.5,1.0
57951,2.642857,7.0
58025,3.1060605,33.0
58047,3.3333333,15.0
58078,2.5,3.0
58103,3.2222223,9.0
58105,3.6,5.0
58107,3.2,5.0
58111,4.125,4.0
58146,2.0,1.0
58154,3.0714285,7.0
58156,2.875,12.0
58162,2.875,4.0
58191,2.25,2.0
58223,4.0,2.0
58246,3.5,1.0
58291,1.75,2.0
58293,2.4285715,7.0
58295,3.15625,16.0
58297,3.0,7.0
58299,3.0,14.0
58301,3.375,8.0
58303,3.6666667,9.0
58306,3.625,4.0
58315,1.25,8.0
58324,0.5,1.0
58332,3.5,2.0
58334,1.0,1.0
58347,3.625,8.0
58351,3.5,1.0
58376,4.5,2.0
58379,2.25,2.0
58425,4.375,4.0
58432,4.0,1.0
58490,3.6666667,3.0
58554,4.5,1.0
58559,4.178218,303.0
58622,3.0,2.0
58627,4.0,4.0
58652,3.0,2.0
58655,2.5,1.0
58709,4.0,1.0
58803,3.4230769,26.0
58806,4.5,1.0
58879,4.5,1.0
58972,3.0,4.0
58975,2.5,2.0
58998,3.5490196,51.0
59014,2.5,3.0
59016,3.8333333,6.0
59018,3.5,9.0
59022,3.3333333,12.0
59026,4.1666665,3.0
59037,2.3,5.0
59040,1.5,1.0
59103,3.1666667,9.0
59105,3.5,1.0
59118,3.75,6.0
59126,3.25,12.0
59129,2.5,1.0
59141,4.0,1.0
59143,3.5,2.0
59188,4.25,2.0
59220,5.0,1.0
59256,1.5,1.0
59258,2.7857144,7.0
59273,3.5,1.0
59295,0.5,1.0
59306,1.5,2.0
59315,3.8471503,193.0
59333,2.8333333,6.0
59336,3.5,1.0
59339,3.0,2.0
59369,3.680723,83.0
59387,4.0384617,13.0
59418,3.6666667,3.0
59421,3.2142856,7.0
59501,3.2045455,22.0
59519,4.0,1.0
59549,2.0,2.0
59594,2.0,1.0
59604,3.0,1.0
59615,2.8636363,66.0
59621,4.0,1.0
59684,4.5,1.0
59709,2.5,2.0
59715,5.0,1.0
59725,2.75,12.0
59727,3.75,8.0
59731,3.75,2.0
59784,3.6595745,94.0
59810,3.5,3.0
59900,2.452381,21.0
59910,3.5,1.0
59915,2.0,3.0
59976,3.0,1.0
59985,3.25,2.0
59995,3.6666667,3.0
60007,3.0,2.0
60037,2.3611112,18.0
60040,3.1607144,28.0
60044,1.5,1.0
60046,4.0,1.0
60069,4.002427,206.0
60072,3.0810812,37.0
60074,3.1132076,53.0
60126,2.9722223,18.0
60141,2.75,2.0
60201,3.5,2.0
60289,3.5,1.0
60291,3.5,2.0
60293,3.0,2.0
60303,1.0,1.0
60333,4.0,2.0
60341,3.75,4.0
60363,2.3333333,3.0
60382,3.0,2.0
60389,3.0,1.0
60397,3.4166667,24.0
60408,4.25,2.0
60418,2.0,1.0
60471,4.0,3.0
60482,3.5,1.0
60487,4.5,2.0
60514,3.05,10.0
60516,2.0,3.0
60609,3.5,5.0
60647,2.75,2.0
60649,2.8333333,3.0
60684,3.765625,96.0
60745,4.0,1.0
60753,3.5,2.0
60756,3.602564,39.0
60758,3.0,3.0
60760,2.625,8.0
60766,3.9705882,17.0
60832,3.0,1.0
60894,3.25,2.0
60937,2.8,10.0
60939,2.25,2.0
60941,5.0,1.0
60948,4.0,1.0
60950,3.2619047,21.0
61009,4.0,2.0
61018,4.0,1.0
61024,3.5434783,46.0
61026,3.5,4.0
61071,4.0,5.0
61073,5.0,1.0
61075,4.0,2.0
61123,3.75,4.0
61132,3.6923077,52.0
61136,3.0,1.0
61160,2.0625,8.0
61167,4.5,2.0
61210,1.75,2.0
61215,4.0,1.0
61236,3.125,8.0
61240,4.081081,37.0
61246,2.1666667,3.0
61248,3.3125,16.0
61250,2.5,6.0
61255,2.25,4.0
61262,2.875,8.0
61267,2.0,1.0
61289,2.0,1.0
61319,3.5,2.0
61323,3.7818182,55.0
61348,1.25,4.0
61350,2.6,10.0
61352,4.0,2.0
61354,3.25,2.0
61401,2.3333333,3.0
61449,4.25,2.0
61465,3.8333333,3.0
61697,3.6666667,3.0
61705,1.3333334,3.0
61724,4.5,2.0
61729,3.3333333,15.0
61948,3.5,1.0
61950,3.0,1.0
61967,4.1,5.0
61986,3.3,5.0
62049,5.0,1.0
62081,3.15,10.0
62113,2.75,6.0
62155,3.5,16.0
62203,3.3333333,6.0
62235,3.1666667,3.0
62250,4.0625,8.0
62265,3.0,2.0
62293,3.3333333,3.0
62344,3.1875,8.0
62374,3.6153846,13.0
62376,3.2,15.0
62394,2.142857,7.0
62434,3.2916667,24.0
62437,2.25,6.0
62439,3.25,2.0
62511,3.8846154,13.0
62553,3.2142856,7.0
62577,3.5,2.0
62644,3.6666667,18.0
62718,4.0,1.0
62733,2.6,10.0
62788,2.5,1.0
62792,3.0,3.0
62801,3.5,2.0
62803,2.0,1.0
62834,3.5,1.0
62836,2.0,1.0
62849,3.7142856,21.0
62912,0.75,2.0
62999,2.8636363,11.0
63033,3.3333333,6.0
63062,3.35,20.0
63072,3.6029413,34.0
63082,3.6652892,121.0
63113,3.0980392,51.0
63131,3.5714285,28.0
63179,5.0,1.0
63194,4.5,1.0
63222,3.25,2.0
63239,3.5,1.0
63329,2.75,2.0
63393,1.75,2.0
63436,2.909091,11.0
63479,3.0,7.0
63515,3.5,2.0
63540,2.5,1.0
63676,3.3333333,3.0
63698,2.0,1.0
63808,4.25,2.0
63826,3.0,2.0
63828,2.0,1.0
63853,3.7142856,7.0
63859,2.9166667,30.0
63876,3.4814816,27.0
63992,2.659091,44.0
64010,2.0,1.0
64030,3.1944444,18.0
64032,3.3,5.0
64034,3.6538463,13.0
64037,3.0,2.0
64116,2.0,2.0
64167,3.0,2.0
64197,3.5833333,6.0
64231,3.0,2.0
64249,3.0,3.0
64278,5.0,1.0
64285,4.2,5.0
64497,2.735294,17.0
64499,3.75,2.0
64501,3.8333333,3.0
64575,4.0416665,12.0
64614,3.9070797,113.0
64620,3.7333333,15.0
64622,3.9545455,11.0
64650,3.5,1.0
64695,3.5,1.0
64701,4.25,2.0
64716,3.8846154,26.0
64839,3.9125,40.0
64930,2.5,1.0
64957,3.670886,79.0
64969,3.4772727,44.0
64983,3.4583333,12.0
64986,3.0,1.0
64993,2.7777777,9.0
64997,2.1666667,6.0
65037,3.0,1.0
65088,2.7142856,14.0
65126,3.5,5.0
65130,3.6,10.0
65133,4.0,1.0
65142,4.0,1.0
65188,4.1,10.0
65193,4.0,1.0
65216,3.25,4.0
65225,2.75,4.0
65230,3.4473684,19.0
65261,3.7307692,39.0
65300,4.0,1.0
65310,3.25,2.0
65418,4.5,3.0
65435,2.875,4.0
65465,2.625,4.0
65514,3.9558823,34.0
65552,2.5,1.0
65567,2.5,1.0
65577,3.0,1.0
65585,3.0,4.0
65596,3.0,4.0
65601,3.5,3.0
65631,2.5,1.0
65642,4.0384617,13.0
65682,3.78125,16.0
65685,3.3333333,12.0
65738,2.5,1.0
65772,4.0,3.0
65802,2.8333333,6.0
65810,3.25,2.0
65813,3.1666667,3.0
65817,1.5,2.0
65868,3.142857,7.0
65882,3.1666667,3.0
65899,3.5,1.0
65982,2.8333333,3.0
66066,3.0,1.0
66090,3.7142856,7.0
66097,3.8292682,41.0
66171,3.6666667,9.0
66198,3.625,8.0
66203,3.15625,16.0
66304,3.25,2.0
66310,3.25,2.0
66317,3.0,1.0
66335,4.5,2.0
66339,4.5,1.0
66371,3.6875,8.0
66427,3.5,1.0
66509,2.9722223,18.0
66511,2.5,1.0
66544,4.0,1.0
66547,4.5,1.0
66596,2.5,2.0
66639,4.0,1.0
66665,3.4,5.0
66691,3.5,6.0
66744,4.5,1.0
66783,2.75,2.0
66785,4.0,3.0
66798,1.6666666,3.0
66915,3.0,1.0
66934,4.1551723,29.0
67073,2.25,2.0
67087,3.4038463,26.0
67138,1.5,1.0
67168,3.0,3.0
67186,3.0,3.0
67193,2.7142856,7.0
67197,3.3,15.0
67223,3.5,1.0
67252,3.1666667,6.0
67255,3.9375,32.0
67267,3.5833333,12.0
67408,3.0714285,21.0
67429,3.5,1.0
67534,3.5,2.0
67620,1.0,1.0
67665,3.875,4.0
67695,2.75,2.0
67734,3.6578948,19.0
67784,3.5,1.0
67788,3.375,8.0
67792,2.0,1.0
67799,2.5,1.0
67801,3.8333333,3.0
67867,2.5,5.0
67898,1.5,1.0
67907,0.5,1.0
67923,2.9782608,23.0
67997,4.0,3.0
67999,4.25,2.0
68073,3.5,13.0
68099,4.5,1.0
68135,3.1842105,19.0
68153,3.0,1.0
68157,4.078788,165.0
68159,3.4642856,14.0
68173,3.0,2.0
68194,4.0,1.0
68205,3.0454545,11.0
68237,3.9357142,70.0
68269,4.0,4.0
68319,3.1122448,49.0
68347,4.125,4.0
68358,3.9545455,99.0
68442,5.0,1.0
68444,2.5,1.0
68472,4.5,2.0
68486,3.3333333,3.0
68519,0.5,1.0
68522,3.5,2.0
68552,4.25,2.0
68554,3.1527777,36.0
68659,3.3333333,3.0
68685,1.5,1.0
68749,3.0,1.0
68791,2.98,25.0
68793,2.590909,22.0
68838,4.0,1.0
68848,2.8,5.0
68901,4.0,1.0
68932,3.1666667,6.0
68941,2.3333333,3.0
68952,3.2142856,14.0
68954,3.9820514,195.0
68959,3.75,2.0
68963,2.0,1.0
68967,5.0,1.0
69069,3.0,1.0
69122,3.655,100.0
69134,3.6666667,15.0
69136,5.0,1.0
69219,3.5,1.0
69251,4.0,1.0
69253,2.3333333,3.0
69275,2.3333333,3.0
69278,3.6,5.0
69306,3.375,8.0
69324,3.75,2.0
69394,3.5,3.0
69406,3.1527777,36.0
69436,1.9285715,7.0
69458,2.875,4.0
69481,3.9071429,70.0
69483,4.0,1.0
69498,5.0,1.0
69516,5.0,2.0
69524,4.5,7.0
69526,2.6666667,27.0
69529,5.0,1.0
69574,3.6666667,3.0
69604,3.5384614,13.0
69606,2.7142856,7.0
69640,3.0833333,18.0
69644,3.3095238,21.0
69654,2.0,2.0
69685,3.3333333,3.0
69712,3.857143,7.0
69757,3.7792208,77.0
69784,2.764706,17.0
69805,5.0,1.0
69842,0.5,1.0
69844,3.8252428,103.0
69849,4.2,5.0
69873,2.5,1.0
69904,2.6666667,3.0
69951,3.1842105,19.0
69995,3.0,1.0
70032,5.0,1.0
70093,3.5,1.0
70133,2.5,1.0
70159,2.65625,16.0
70175,2.0,1.0
70183,2.9444444,9.0
70206,3.3333333,3.0
70208,4.1666665,3.0
70286,3.6838236,136.0
70293,3.1764705,17.0
70295,3.5,1.0
70301,2.8333333,3.0
70305,2.2,5.0
70334,2.75,2.0
70336,2.75,16.0
70344,3.25,2.0
70361,3.125,4.0
70465,2.5,1.0
70533,4.0,1.0
70565,2.5,2.0
70567,1.0,1.0
70597,3.0,1.0
70599,3.8461537,13.0
70637,2.5,1.0
70643,4.0,1.0
70649,4.0,1.0
70663,1.6666666,3.0
70670,3.5,1.0
70687,3.5,1.0
70697,2.75,4.0
70706,0.5,1.0
70728,3.5625,8.0
70898,3.0,1.0
70912,4.0,1.0
70932,5.0,1.0
70984,1.5,1.0
70994,3.75,2.0
71011,3.5,1.0
71033,4.0882354,17.0
71057,3.5833333,36.0
71106,3.7,5.0
71108,4.375,4.0
71129,3.0,1.0
71131,3.5,2.0
71135,3.3529413,17.0
71156,3.375,16.0
71199,3.0,1.0
71205,4.25,2.0
71211,3.6,5.0
71246,5.0,1.0
71248,2.6666667,6.0
71252,2.5833333,6.0
71254,2.2,10.0
71264,3.2407408,27.0
71282,3.2,5.0
71304,3.5,3.0
71325,4.0,1.0
71327,2.5,1.0
71374,3.0,1.0
71379,3.2142856,14.0
71429,3.6,5.0
71433,4.0,1.0
71438,3.5,1.0
71450,3.0,2.0
71462,4.125,4.0
71464,3.5526316,19.0
71466,3.75,2.0
71472,3.5,1.0
71484,2.5,1.0
71500,3.4444444,9.0
71518,3.7272727,11.0
71520,2.7272727,11.0
71530,3.1842105,19.0
71533,3.0,1.0
71535,3.6176472,85.0
71542,3.5,1.0
71571,3.0,1.0
71579,3.4375,16.0
71619,3.5,2.0
71650,3.5,1.0
71668,2.6666667,3.0
71670,2.5,2.0
71732,2.0,2.0
71745,3.0833333,12.0
71823,3.25,6.0
71838,3.9642856,14.0
71876,2.25,2.0
71878,2.5,1.0
71902,2.5,2.0
71910,3.0,2.0
71926,3.5,1.0
72011,3.6704545,44.0
72039,3.0,1.0
72043,1.0,1.0
72104,4.0,2.0
72113,3.75,2.0
72129,2.9166667,6.0
72131,2.75,4.0
72159,4.0,1.0
72165,3.75,2.0
72167,2.75,4.0
72169,3.0,1.0
72171,4.25,8.0
72176,3.0,1.0
72178,1.5,1.0
72209,3.1666667,3.0
72224,3.0,2.0
72226,3.6981132,53.0
72228,3.25,2.0
72294,2.625,8.0
72356,4.1538463,13.0
72378,2.8157895,38.0
72380,3.0,5.0
72386,3.5,2.0
72393,3.0,4.0
72395,3.6,5.0
72405,3.8333333,6.0
72407,2.40625,16.0
72479,3.125,4.0
72489,2.4,5.0
72601,3.75,2.0
72605,3.857143,7.0
72612,3.5,2.0
72630,4.0,2.0
72641,3.224138,58.0
72694,4.0,1.0
72696,3.0,1.0
72701,2.3333333,3.0
72720,3.5,7.0
72731,3.0,12.0
72733,3.3333333,12.0
72737,3.9,15.0
72741,4.0,1.0
72762,3.25,2.0
72919,2.5,1.0
72947,3.0,1.0
72980,4.0,1.0
72998,3.7447917,192.0
73000,3.5,1.0
73015,2.8,5.0
73017,3.6846848,111.0
73023,3.4166667,6.0
73027,3.1666667,3.0
73042,2.3333333,3.0
73051,4.5,1.0
73089,0.5,1.0
73101,3.5,1.0
73168,3.0,2.0
73208,3.5,1.0
73211,4.1,5.0
73266,3.3333333,6.0
73268,3.4375,8.0
73270,3.5,1.0
73276,3.0,2.0
73290,4.285714,7.0
73319,3.5,2.0
73321,3.5,46.0
73323,4.1875,8.0
73344,3.5,9.0
73462,2.5,1.0
73513,5.0,1.0
73587,3.25,6.0
73741,3.5,1.0
73804,3.0,3.0
73808,3.8888888,9.0
73820,3.0,1.0
73829,0.5,1.0
73854,3.1666667,6.0
73860,3.5,2.0
73879,2.0,1.0
73881,4.2272725,11.0
73900,2.0,1.0
73929,3.6666667,3.0
74089,3.5,2.0
74111,3.3333333,3.0
74154,3.1,5.0
74156,3.75,2.0
74204,4.0,2.0
74228,3.7222223,9.0
74275,3.3888888,9.0
74370,3.0,3.0
74416,3.75,4.0
74426,3.5,1.0
74450,2.8333333,3.0
74452,1.75,2.0
74458,3.9689655,145.0
74484,1.75,2.0
74486,5.0,1.0
74488,3.5,1.0
74504,3.5,2.0
74508,2.5,1.0
74510,3.2,10.0
74530,3.3076923,13.0
74532,2.3,5.0
74545,3.7058823,17.0
74553,4.0,1.0
74573,1.5,1.0
74580,3.1666667,3.0
74582,3.5,1.0
74624,3.5625,8.0
74653,4.0,1.0
74668,3.0,3.0
74685,3.7,5.0
74688,3.25,6.0
74696,4.25,2.0
74698,3.1,5.0
74727,3.9285715,7.0
74740,3.75,2.0
74750,3.5,4.0
74754,3.0833333,6.0
74787,2.75,2.0
74789,3.1090908,55.0
74791,4.0,1.0
74795,3.590909,11.0
74851,3.0,6.0
74868,3.5,3.0
74916,2.0,1.0
74944,3.3333333,3.0
74946,3.409091,11.0
74948,2.875,4.0
75341,3.3,5.0
75395,2.5,3.0
75425,1.75,2.0
75805,3.0625,8.0
75813,2.25,2.0
75816,3.0,1.0
75983,4.0,1.0
75985,3.1,10.0
76030,3.1,5.0
76054,4.5,1.0
76060,4.5,1.0
76077,2.55,20.0
76079,3.4,5.0
76091,3.8333333,3.0
76093,3.862745,102.0
76111,4.25,4.0
76130,2.25,2.0
76132,2.5,1.0
76147,3.5,1.0
76158,3.75,2.0
76173,4.125,4.0
76175,2.1666667,9.0
76208,4.0,1.0
76251,3.5986843,76.0
76272,4.0,1.0
76293,2.9545455,22.0
76738,3.5,1.0
76763,2.8333333,3.0
77177,3.5,1.0
77191,3.7142856,7.0
77201,3.25,6.0
77206,4.5,1.0
77240,5.0,1.0
77293,3.5,2.0
77307,3.7727273,11.0
77328,3.25,2.0
77353,4.0,1.0
77364,2.7857144,7.0
77414,3.375,4.0
77421,2.3333333,6.0
77427,1.6666666,6.0
77455,3.825,20.0
77540,3.0,5.0
77561,3.3470588,85.0
77596,2.5,1.0
77629,4.0,1.0
77667,2.125,4.0
77672,4.0,1.0
77731,3.5,1.0
77795,3.625,4.0
77798,3.25,2.0
77800,3.375,8.0
77810,3.5,1.0
77833,3.5,1.0
77837,4.0,1.0
77843,3.5,1.0
77846,4.0,3.0
77854,4.5,1.0
77866,2.9333334,15.0
77893,2.0,1.0
78003,4.75,2.0
78009,4.5,1.0
78039,3.6923077,13.0
78041,3.25,2.0
78088,3.4166667,6.0
78105,2.8125,16.0
78174,2.0,3.0
78209,2.5714285,14.0
78218,3.8333333,3.0
78264,3.375,4.0
78266,2.5714285,7.0
78272,3.0,1.0
78278,4.5,1.0
78316,3.4,5.0
78335,5.0,1.0
78349,3.5,12.0
78467,2.5,6.0
78469,3.1904762,21.0
78499,3.7765958,94.0
78517,2.3333333,3.0
78574,3.6363637,11.0
78637,3.0,21.0
78653,4.0,1.0
78679,3.5,1.0
78703,4.0,1.0
78729,4.25,2.0
78746,3.0,1.0
78772,2.4,25.0
78774,2.75,2.0
78836,4.071429,7.0
78893,1.6666666,12.0
79006,4.0,1.0
79029,3.5,1.0
79057,3.3461537,13.0
79073,2.8333333,3.0
79091,3.7096775,62.0
79132,4.1413426,283.0
79134,3.25,12.0
79139,3.03125,16.0
79185,3.25,20.0
79224,2.7666667,15.0
79230,3.5,1.0
79242,3.590909,11.0
79251,3.3333333,3.0
79293,3.2058823,17.0
79318,3.5,3.0
79357,4.0555553,18.0
79428,3.3181818,11.0
79463,3.25,2.0
79553,3.75,12.0
79588,2.75,2.0
79592,3.2833333,30.0
79599,4.0,1.0
79684,4.5,1.0
79695,3.375,16.0
79702,3.76,75.0
79720,3.4,5.0
79796,2.75,4.0
79798,3.5,4.0
79800,3.0,1.0
79824,3.0,1.0
79832,4.0,1.0
79860,4.5,1.0
79863,4.5,1.0
79868,3.5,1.0
79879,3.0625,8.0
79895,3.5,3.0
79897,3.75,6.0
79910,5.0,1.0
79946,5.0,1.0
79987,2.5,1.0
80026,2.0,1.0
80083,3.1666667,3.0
80094,2.5,2.0
80111,3.0,1.0
80126,3.2142856,7.0
80166,2.4,10.0
80191,3.0,1.0
80219,3.0263157,19.0
80222,3.875,4.0
80241,3.0,1.0
80350,2.0,3.0
80363,3.4,15.0
80398,3.5,2.0
80463,3.804,125.0
80489,3.9285715,28.0
80549,3.597826,46.0
80551,2.0833333,6.0
80586,4.0,3.0
80590,2.5,3.0
80615,3.4444444,9.0
80693,3.6875,8.0
80748,4.0,1.0
80831,3.5714285,7.0
80834,3.0,1.0
80836,3.5,1.0
80839,4.75,2.0
80844,4.0,3.0
80846,3.0454545,11.0
80858,3.0,1.0
80860,4.7,5.0
80862,3.75,4.0
80864,3.1666667,3.0
80880,2.8333333,3.0
80906,3.857143,14.0
80917,3.1666667,9.0
80928,4.0,2.0
80969,3.59375,16.0
81018,3.25,4.0
81020,3.5,1.0
81132,3.25,2.0
81140,3.75,2.0
81156,3.2,5.0
81158,4.0,4.0
81164,3.0,2.0
81180,3.0,3.0
81191,3.5,1.0
81195,3.5,1.0
81229,3.7638888,36.0
81257,3.75,2.0
81383,2.5,2.0
81403,4.0,1.0
81417,3.125,4.0
81495,3.0,1.0
81512,3.5,2.0
81516,3.0,2.0
81535,2.0833333,6.0
81537,3.2105262,19.0
81562,3.4895833,48.0
81564,3.711111,45.0
81591,3.8333333,105.0
81641,4.0,3.0
81725,3.0,1.0
81751,5.0,1.0
81782,3.642857,7.0
81784,3.25,4.0
81786,5.0,1.0
81788,4.035714,14.0
81791,3.5,2.0
81804,3.25,2.0
81819,3.6666667,6.0
81834,3.8817205,93.0
81845,3.837838,111.0
81847,3.8636363,55.0
81932,4.076923,26.0
81981,5.0,1.0
82005,3.5,1.0
82037,4.0,1.0
82041,3.25,2.0
82095,2.5,5.0
82143,4.0,6.0
82152,2.9375,8.0
82167,3.4444444,9.0
82169,3.409091,11.0
82202,3.6111112,9.0
82242,3.3333333,3.0
82244,3.3333333,3.0
82366,3.0,1.0
82378,3.0,2.0
82459,3.8055556,54.0
82461,3.3970587,34.0
82499,3.5,2.0
82527,3.625,4.0
82534,4.25,2.0
82589,4.0,1.0
82633,3.5,1.0
82667,3.9375,8.0
82684,3.0,1.0
82744,3.0833333,6.0
82767,3.5,3.0
82852,3.0833333,6.0
82854,1.5,1.0
82978,3.5,2.0
83059,3.5,1.0
83086,3.5,3.0
83096,4.0,1.0
83132,4.125,8.0
83134,3.5769231,26.0
83177,2.5,1.0
83219,2.75,2.0
83270,2.25,2.0
83293,4.5,1.0
83302,2.5,1.0
83349,3.0,17.0
83359,4.5,1.0
83369,3.357143,7.0
83374,2.875,4.0
83424,2.75,2.0
83480,2.125,4.0
83525,3.25,2.0
83613,2.8461537,13.0
83803,4.0,3.0
83827,4.0,1.0
83910,2.75,2.0
83976,3.6666667,3.0
84116,3.5,1.0
84120,4.0,1.0
84152,3.7884614,78.0
84156,4.0,3.0
84187,3.25,2.0
84189,2.8,5.0
84273,4.0,2.0
84374,3.3333333,15.0
84392,4.0,25.0
84395,2.0,2.0
84407,5.0,1.0
84601,2.9230769,13.0
84613,2.5,1.0
84615,3.0,4.0
84621,2.5,1.0
84637,3.0,3.0
84772,3.0681818,22.0
84834,1.0,1.0
84844,3.1666667,3.0
84855,4.25,2.0
84942,3.0,2.0
84944,3.3484848,33.0
84950,2.8,5.0
84952,4.0,1.0
84954,3.5270271,37.0
84957,3.5,1.0
85007,3.5,1.0
85016,3.0,1.0
85020,3.857143,14.0
85022,2.0,5.0
85025,2.9166667,6.0
85056,3.0714285,7.0
85131,2.6363637,11.0
85179,3.7142856,7.0
85211,3.0,1.0
85213,4.4,5.0
85259,5.0,1.0
85261,2.6666667,3.0
85268,1.75,2.0
85312,4.0,1.0
85342,3.9333334,15.0
85354,3.8333333,3.0
85367,2.7,10.0
85394,3.8,5.0
85397,2.65,10.0
85399,1.0,1.0
85401,3.0,6.0
85412,3.375,4.0
85414,3.7469137,81.0
85438,3.5,4.0
85510,2.8529413,17.0
85540,2.0,1.0
85565,3.5,2.0
85763,4.0,1.0
85774,3.7916667,12.0
85777,3.5,1.0
85788,3.3,10.0
85790,3.0,2.0
85796,3.4,5.0
85881,3.9,5.0
85885,3.75,2.0
86000,2.75,2.0
86028,2.5,1.0
86066,3.0,1.0
86142,3.75,2.0
86190,3.5384614,13.0
86233,2.5,1.0
86290,3.6666667,3.0
86293,2.625,4.0
86295,3.5714285,7.0
86298,3.3333333,12.0
86320,3.892857,14.0
86332,3.1686747,83.0
86345,4.15,10.0
86347,4.375,8.0
86355,3.5,1.0
86377,4.0454545,11.0
86412,4.0,1.0
86478,3.0,1.0
86487,3.5,1.0
86548,3.2857144,7.0
86574,0.5,1.0
86628,3.3333333,3.0
86644,3.452381,21.0
86715,3.5,1.0
86725,4.5,1.0
86781,4.15,10.0
86815,4.25,2.0
86817,2.0,3.0
86833,3.235294,34.0
86835,2.7,5.0
86852,4.0,3.0
86880,3.125,36.0
86882,3.5454545,44.0
86884,3.3,5.0
86892,4.0833335,6.0
86898,3.5,11.0
86911,3.125,32.0
86922,4.0,2.0
87004,3.5,1.0
87028,2.0,1.0
87042,3.0,1.0
87079,4.5,1.0
87105,2.0,1.0
87192,3.75,4.0
87194,3.6666667,3.0
87205,3.25,2.0
87222,3.4583333,24.0
87232,3.6666667,78.0
87234,3.8181818,11.0
87270,3.5,1.0
87298,3.25,4.0
87304,3.7857144,7.0
87306,3.5526316,38.0
87430,2.25,24.0
87433,1.5,1.0
87483,3.7142856,7.0
87485,2.7083333,12.0
87520,2.8076923,26.0
87522,2.5,3.0
87529,2.8125,8.0
87660,3.8333333,3.0
87785,3.5,2.0
87867,2.625,4.0
87869,3.3428571,35.0
87876,2.3125,8.0
87930,3.0,1.0
88022,5.0,1.0
88069,3.75,2.0
88108,5.0,1.0
88118,2.75,2.0
88125,3.821782,101.0
88127,3.0,1.0
88129,3.9237287,59.0
88140,3.6011906,84.0
88163,3.74,50.0
88179,3.857143,7.0
88235,4.125,8.0
88237,2.5,1.0
88248,2.25,2.0
88267,4.25,4.0
88356,1.3,5.0
88380,4.0,1.0
88405,3.5192308,26.0
88468,3.5,1.0
88566,5.0,1.0
88672,3.25,4.0
88706,3.5,1.0
88724,2.5,1.0
88744,3.5408163,49.0
88785,3.0,3.0
88810,3.8690476,42.0
88812,3.090909,11.0
88835,3.5,1.0
88837,3.5,1.0
88839,3.0,1.0
88889,2.0,2.0
88932,3.5833333,6.0
88954,3.25,6.0
89002,5.0,1.0
89028,2.0,1.0
89030,2.4166667,6.0
89039,3.5714285,7.0
89047,3.5,1.0
89060,2.0,1.0
89072,3.0833333,6.0
89074,2.0,2.0
89085,3.5,4.0
89087,3.357143,7.0
89090,4.0,1.0
89102,4.0,1.0
89118,3.5833333,12.0
89190,2.1666667,3.0
89260,5.0,1.0
89302,4.0,2.0
89305,4.5,1.0
89321,3.5,1.0
89343,4.5,1.0
89356,5.0,1.0
89386,5.0,1.0
89427,1.0,1.0
89470,3.96875,16.0
89480,2.0,1.0
89490,3.75,2.0
89492,3.884058,69.0
89580,3.0,1.0
89582,4.0,1.0
89650,3.25,2.0
89678,4.5,1.0
89745,3.6666667,129.0
89753,3.735294,17.0
89759,4.0238094,21.0
89761,3.2,5.0
89774,4.2380953,21.0
89804,3.275,20.0
89837,4.0,1.0
89840,3.5,4.0
89846,5.0,1.0
89864,3.8472223,36.0
89900,4.0,1.0
89904,4.1944447,18.0
90057,3.6538463,13.0
90243,4.0,1.0
90249,3.4615386,13.0
90343,3.5,6.0
90345,3.3,5.0
90374,4.1666665,3.0
90376,3.825,20.0
90378,4.0,1.0
90403,2.7142856,7.0
90405,3.3541667,48.0
90428,3.5,1.0
90430,2.5833333,6.0
90434,4.5,1.0
90439,3.8461537,13.0
90469,3.25,6.0
90471,2.5,1.0
90474,4.5,1.0
90476,3.5,1.0
90522,3.4,5.0
90524,1.25,2.0
90531,3.8636363,11.0
90576,3.4,5.0
90578,3.0,1.0
90600,3.5,7.0
90624,3.0,1.0
90647,3.1363637,11.0
90719,2.8,5.0
90730,2.5,1.0
90738,3.0,3.0
90746,3.5263157,19.0
90751,2.0,1.0
90809,3.75,2.0
90863,2.8333333,3.0
90866,3.5277777,36.0
90870,2.0,2.0
90888,2.9285715,7.0
90890,1.375,4.0
90914,3.5,2.0
90943,4.0,1.0
90947,4.5,1.0
91035,3.0,2.0
91077,3.1785715,14.0
91079,3.6666667,3.0
91094,3.8,15.0
91104,2.7,5.0
91126,3.8,5.0
91128,3.0555556,9.0
91134,3.875,4.0
91199,3.5,2.0
91261,2.0,1.0
91266,2.8333333,3.0
91273,3.0,1.0
91323,3.25,2.0
91325,3.25,4.0
91386,2.5,2.0
91414,4.0,1.0
91474,3.75,2.0
91483,2.5,4.0
91485,3.1363637,11.0
91488,3.75,2.0
91500,3.424107,112.0
91505,4.5,1.0
91529,3.9183006,153.0
91535,3.515625,32.0
91542,3.5547945,73.0
91548,4.0,1.0
91571,2.6666667,3.0
91622,3.0,1.0
91626,1.5,2.0
91628,2.125,4.0
91630,3.6,40.0
91653,3.25,10.0
91658,3.831169,77.0
91660,2.0,1.0
91671,1.0,1.0
91673,3.5,1.0
91681,3.75,2.0
91690,4.0,1.0
91694,5.0,1.0
91743,3.5,1.0
91808,2.0,1.0
91842,2.7142856,7.0
91844,3.0,4.0
91869,3.5,1.0
91886,3.0,2.0
91890,3.375,4.0
91902,3.5,3.0
91972,2.25,2.0
91974,3.6153846,13.0
91976,3.3809524,21.0
91978,3.75,2.0
92008,3.0,4.0
92058,2.75,4.0
92096,3.5,1.0
92152,3.0,1.0
92192,3.0,4.0
92210,4.5,2.0
92234,4.5,1.0
92243,3.5,3.0
92259,4.1804123,97.0
92264,3.0,1.0
92309,2.0,2.0
92335,1.5,1.0
92391,2.6666667,3.0
92420,3.4347825,23.0
92422,2.8888888,9.0
92439,3.5,2.0
92475,5.0,1.0
92507,4.25,6.0
92509,3.625,8.0
92606,5.0,1.0
92637,0.5,1.0
92643,4.0,1.0
92665,5.0,1.0
92694,4.125,4.0
92719,3.5,1.0
92841,3.75,2.0
92920,2.5,1.0
92938,3.0,2.0
92944,3.0,2.0
92966,3.0,1.0
93040,4.25,2.0
93142,3.0,1.0
93164,4.25,2.0
93172,4.0,1.0
93208,3.6666667,3.0
93212,3.5,1.0
93265,4.0,1.0
93270,2.8846154,13.0
93272,2.875,4.0
93287,3.5,2.0
93297,4.0,3.0
93324,4.25,2.0
93326,3.6666667,9.0
93363,3.2,15.0
93420,3.5,3.0
93432,5.0,1.0
93443,3.1111112,9.0
93473,2.5,1.0
93475,3.75,2.0
93498,4.25,2.0
93510,3.8469388,49.0
93512,2.625,4.0
93563,3.75,2.0
93570,3.0,1.0
93598,3.5,1.0
93610,3.5,2.0
93693,3.0,2.0
93721,3.8333333,12.0
93740,3.6,5.0
93766,1.5,3.0
93805,3.357143,7.0
93819,3.0,2.0
93821,3.5,1.0
93831,2.642857,7.0
93838,4.0882354,17.0
93840,3.468085,47.0
93855,3.3333333,9.0
93892,3.5,1.0
93933,4.0,1.0
93954,2.5,1.0
93980,1.5,1.0
93982,3.1666667,3.0
94015,3.3,5.0
94018,2.5294118,17.0
94070,4.0,9.0
94126,4.5,1.0
94130,3.5,1.0
94266,2.8,5.0
94325,3.3333333,3.0
94405,4.5,1.0
94410,3.5,1.0
94444,2.5,1.0
94469,2.8333333,3.0
94478,3.1333334,15.0
94480,2.5,3.0
94558,2.5,1.0
94675,3.25,2.0
94677,3.5,25.0
94752,3.5,1.0
94777,3.2820513,39.0
94780,3.0454545,11.0
94799,3.1666667,3.0
94813,2.25,4.0
94833,3.4166667,6.0
94864,3.3615384,65.0
94867,3.5,1.0
94896,4.0,4.0
94931,5.0,1.0
94953,3.0,4.0
94959,3.8432837,67.0
94967,2.75,2.0
94969,3.5,1.0
94985,3.3333333,3.0
95058,3.75,2.0
95067,2.3333333,3.0
95088,3.7083333,12.0
95105,3.090909,11.0
95167,3.6176472,34.0
95182,3.0,1.0
95199,2.375,4.0
95201,3.5,3.0
95207,2.8888888,9.0
95218,4.0,1.0
95237,4.0,1.0
95307,3.0,2.0
95309,3.642857,7.0
95311,5.0,2.0
95375,0.5,1.0
95441,3.0222223,45.0
95443,4.0,1.0
95449,3.1666667,3.0
95488,2.5,1.0
95510,2.9782608,46.0
95543,3.625,12.0
95558,3.25,4.0
95583,3.5,2.0
95654,4.071429,7.0
95720,3.0,6.0
95744,4.0,1.0
95761,3.2,5.0
95816,3.0,1.0
95856,4.0,1.0
95858,4.0,5.0
95873,4.142857,7.0
95875,3.4047618,21.0
96079,3.784091,88.0
96110,3.5714285,7.0
96121,3.625,4.0
96150,4.0,2.0
96281,3.0833333,6.0
96302,3.0,1.0
96314,4.0,1.0
96367,2.5,1.0
96373,4.0,1.0
96413,5.0,1.0
96417,4.0,4.0
96430,3.5,2.0
96432,4.0,4.0
96448,3.0,1.0
96456,3.0,1.0
96467,2.8333333,3.0
96488,4.375,4.0
96490,3.25,2.0
96510,1.5,1.0
96563,3.5,1.0
96565,1.5,2.0
96567,3.625,4.0
96588,3.4054055,37.0
96596,4.5,1.0
96606,3.25,8.0
96610,3.6149426,87.0
96612,3.5,1.0
96616,1.5,1.0
96634,3.0,5.0
96655,3.6,5.0
96664,5.0,1.0
96691,3.1,10.0
96693,1.5,1.0
96728,3.6363637,11.0
96737,3.6034484,29.0
96751,3.5,3.0
96811,3.52,25.0
96815,3.1,5.0
96821,3.962264,53.0
96829,4.109375,32.0
96832,3.25,4.0
96834,4.0,1.0
96857,3.0,3.0
96861,3.4333334,15.0
96863,3.0,2.0
96868,3.5,1.0
96897,0.5,1.0
96911,3.7,5.0
96917,2.0,1.0
96966,4.5,1.0
96975,2.0,1.0
96991,3.5,1.0
97024,3.375,4.0
97057,3.6666667,3.0
97168,4.5,1.0
97172,2.625,4.0
97188,3.7,10.0
97194,4.25,2.0
97225,3.425,20.0
97304,3.5714285,56.0
97306,3.7083333,24.0
97311,3.5,2.0
97324,3.5,1.0
97326,3.5,1.0
97328,4.0,2.0
97393,4.5,4.0
97673,4.5,1.0
97692,3.75,2.0
97752,3.6410255,39.0
97785,2.0,5.0
97836,2.6,5.0
97860,2.9375,8.0
97866,4.2,5.0
97870,4.0,1.0
97913,3.732143,56.0
97921,3.7662337,77.0
97923,3.5238094,21.0
97933,4.5,1.0
97936,3.5,3.0
97938,3.516129,62.0
97946,2.5,1.0
97950,0.5,1.0
97957,4.0,3.0
97966,1.5,1.0
97984,5.0,1.0
97988,2.5,2.0
98054,2.75,2.0
98056,4.125,12.0
98061,3.5,1.0
98122,4.125,4.0
98154,3.8529413,17.0
98175,3.0,1.0
98198,4.0,2.0
98203,2.5882354,17.0
98239,3.0,1.0
98243,3.6333334,15.0
98296,2.75,2.0
98361,3.5,1.0
98373,3.3333333,3.0
98485,5.0,1.0
98491,4.6923075,13.0
98570,4.0,1.0
98585,4.25,2.0
98604,4.1666665,3.0
98607,3.6666667,3.0
98797,3.25,2.0
98809,3.5773196,97.0
98836,2.5,1.0
98838,4.5,1.0
98956,3.625,4.0
98961,3.732143,28.0
98981,3.0,1.0
99007,3.1470587,17.0
99047,4.0,1.0
99058,2.5,1.0
99087,3.0,2.0
99106,2.8333333,3.0
99110,3.5,1.0
99112,3.8148148,27.0
99114,4.0877194,171.0
99117,3.5,4.0
99145,3.2142856,7.0
99149,3.6842105,19.0
99220,4.1666665,3.0
99371,2.5,1.0
99413,3.0,1.0
99415,1.5,1.0
99437,3.3,5.0
99468,5.0,1.0
99470,3.5,3.0
99537,3.0,1.0
99574,1.75,2.0
99633,2.5,1.0
99636,4.0,1.0
99721,5.0,1.0
99728,3.2,5.0
99741,2.0,1.0
99750,3.4166667,6.0
99764,4.75,2.0
99787,1.0,2.0
99811,3.75,2.0
99841,3.5,1.0
99846,4.5,1.0
99910,3.5625,8.0
99912,3.357143,7.0
99917,3.8,5.0
99957,3.5,1.0
99964,4.5,1.0
99968,2.0,1.0
100044,4.5,5.0
100083,1.4,5.0
100106,2.75,2.0
100108,3.25,4.0
100163,3.3181818,11.0
100244,3.125,4.0
100277,3.0,1.0
100302,2.25,4.0
100326,3.1666667,3.0
100336,5.0,1.0
100344,3.0,4.0
100359,3.0,1.0
100383,4.25,6.0
100390,2.357143,7.0
100426,3.5,2.0
100436,3.0,1.0
100469,3.8333333,3.0
100487,2.5,3.0
100498,2.5,9.0
100527,3.6666667,3.0
100556,4.125,4.0
100579,3.5,1.0
100581,2.6666667,3.0
100714,3.7727273,22.0
100737,3.25,2.0
100745,4.25,2.0
100810,3.0,2.0
100843,5.0,1.0
100882,4.5,1.0
101025,2.8333333,3.0
101060,2.0,1.0
101070,4.0,1.0
101074,5.0,1.0
101076,2.0,5.0
101079,4.0,1.0
101088,3.6666667,3.0
101112,2.8,10.0
101137,4.0,1.0
101142,3.0,13.0
101186,3.0,1.0
101207,4.0,1.0
101260,4.5,1.0
101262,4.5,2.0
101281,2.8333333,3.0
101283,3.6666667,3.0
101285,3.75,4.0
101360,3.5,2.0
101362,3.5384614,13.0
101498,2.6666667,3.0
101525,3.4615386,13.0
101527,2.0,1.0
101531,2.75,2.0
101577,3.142857,7.0
101612,3.1666667,3.0
101640,3.5,1.0
101739,2.8333333,9.0
101741,2.5,4.0
101763,3.0,1.0
101765,3.5,1.0
101850,2.25,2.0
101864,3.7222223,36.0
101893,2.5,2.0
101895,4.125,4.0
101962,3.8333333,3.0
101971,5.0,1.0
101973,3.0,1.0
101997,1.0,2.0
102005,3.5,1.0
102033,3.0,4.0
102066,4.3333335,3.0
102072,5.0,1.0
102088,3.0,1.0
102123,2.857143,21.0
102125,3.3481014,79.0
102160,3.0,1.0
102194,3.7777777,9.0
102286,3.0,1.0
102407,3.7435896,39.0
102445,3.755319,47.0
102469,4.5,1.0
102481,3.3461537,13.0
102588,2.75,2.0
102666,4.6666665,3.0
102684,3.7,5.0
102686,2.857143,21.0
102716,3.5384614,13.0
102720,3.5,4.0
102753,4.125,4.0
102800,3.5357144,14.0
102819,3.5,4.0
102880,2.375,12.0
102903,3.5245903,61.0
102905,4.5,1.0
102956,3.0,1.0
102991,5.0,1.0
102993,4.15,10.0
103017,3.8333333,3.0
103027,3.5,1.0
103042,3.5,27.0
103048,3.5,6.0
103055,3.5,1.0
103075,2.8823528,17.0
103107,1.0,1.0
103137,2.857143,7.0
103141,3.3636363,44.0
103210,4.125,4.0
103228,3.5,34.0
103249,3.235294,51.0
103253,2.9166667,36.0
103275,3.0,1.0
103279,3.0,1.0
103299,3.0,2.0
103306,2.45,10.0
103315,4.1666665,3.0
103335,3.435484,31.0
103339,3.2272727,11.0
103341,3.4074075,27.0
103366,2.8333333,3.0
103372,3.2272727,11.0
103384,3.55,10.0
103483,3.125,4.0
103539,3.5,8.0
103549,4.6666665,3.0
103554,3.0,1.0
103606,3.2,5.0
103621,3.5,2.0
103624,3.8333333,3.0
103639,2.0,2.0
103655,2.5,10.0
103661,5.0,1.0
103685,3.5,1.0
103688,3.671875,32.0
103721,2.25,2.0
103736,3.5,1.0
103755,2.375,4.0
103772,3.264706,34.0
103801,2.75,4.0
103810,3.5,14.0
103816,0.5,1.0
103849,3.0,1.0
103883,3.5,8.0
103980,4.0,7.0
103982,4.5,1.0
103984,4.25,6.0
104072,4.5,1.0
104074,3.0,2.0
104076,2.25,2.0
104078,4.25,2.0
104085,2.5,1.0
104089,3.0,1.0
104211,3.4,30.0
104218,2.5,2.0
104231,4.5,1.0
104241,3.2222223,18.0
104243,3.3214285,14.0
104245,2.5,3.0
104272,4.1666665,3.0
104274,3.0,1.0
104283,4.107143,14.0
104303,3.4,5.0
104312,2.25,6.0
104337,4.0,4.0
104339,3.5,5.0
104361,3.0,1.0
104374,3.9555554,45.0
104379,4.0,1.0
104441,3.125,4.0
104457,3.25,4.0
104518,3.0,1.0
104520,3.5,1.0
104583,4.0,1.0
104685,3.0,2.0
104760,1.0,1.0
104841,3.45,100.0
104863,2.8,5.0
104879,4.0108695,46.0
104881,3.0,2.0
104906,3.5,2.0
104908,3.9,5.0
104913,3.7261906,42.0
104925,3.5,7.0
104944,4.15625,16.0
105037,3.6666667,3.0
105197,3.9,5.0
105211,4.0,4.0
105213,3.3214285,14.0
105246,2.0,1.0
105254,3.5,1.0
105340,3.0,2.0
105355,3.642857,7.0
105429,3.0,1.0
105468,3.5,7.0
105504,3.9868422,38.0
105585,3.8333333,3.0
105593,3.25,8.0
105653,3.7083333,12.0
105731,2.5,4.0
105742,2.8333333,3.0
105755,1.5,1.0
105769,3.25,2.0
105799,2.0,1.0
105835,2.5,1.0
105837,3.75,2.0
105844,3.9545455,55.0
105869,3.5,4.0
105954,3.3636363,11.0
106002,3.18,25.0
106011,3.25,2.0
106022,3.625,4.0
106030,3.0,2.0
106062,2.357143,7.0
106072,3.4583333,48.0
106100,3.8490567,53.0
106144,3.0,1.0
106163,3.0,1.0
106236,4.0,1.0
106240,1.75,2.0
106330,3.0,1.0
106438,3.8333333,6.0
106441,4.6666665,3.0
106443,4.5,1.0
106452,5.0,1.0
106471,5.0,1.0
106473,2.25,2.0
106487,3.4632354,68.0
106489,3.85,50.0
106491,2.9,5.0
106508,2.5,1.0
106540,2.75,2.0
106542,3.5,2.0
106624,3.5,1.0
106696,3.6639345,61.0
106762,4.0,1.0
106766,3.8333333,15.0
106782,3.8368056,144.0
106785,3.3333333,3.0
106841,3.6666667,6.0
106870,5.0,1.0
106889,3.7,5.0
106916,3.5921052,38.0
106918,3.2941177,34.0
106920,3.859756,82.0
106983,3.0,3.0
107052,4.25,2.0
107069,3.7142856,7.0
107083,3.0,1.0
107117,3.0,1.0
107130,4.5,3.0
107141,3.9545455,11.0
107314,1.8333334,3.0
107334,4.5,2.0
107348,2.875,8.0
107406,3.090909,33.0
107412,5.0,1.0
107426,3.0,1.0
107436,3.75,2.0
107462,3.0,1.0
107565,4.0,1.0
107702,3.375,4.0
107707,3.5,2.0
107769,1.5,1.0
107771,4.1,5.0
107883,4.0,4.0
107949,3.0,1.0
108085,2.0,1.0
108156,2.8333333,3.0
108188,3.0555556,9.0
108190,3.3461537,39.0
108566,3.25,2.0
108571,3.0,1.0
108599,2.5,1.0
108689,2.5,3.0
108727,3.25,4.0
108729,3.2692308,13.0
108760,1.0,1.0
108780,4.0,2.0
108879,2.0,1.0
108928,3.1666667,6.0
108932,3.6041667,48.0
108945,3.25,14.0
108949,2.5,2.0
108977,4.0,1.0
108981,3.7,10.0
109072,1.8333334,3.0
109157,3.5,1.0
109181,2.5,1.0
109187,2.5,2.0
109189,3.5,1.0
109191,2.0,1.0
109243,3.0,2.0
109317,3.0,1.0
109374,4.0707965,113.0
109376,4.5,1.0
109390,2.6666667,3.0
109420,3.0,1.0
109455,3.5,1.0
109483,3.1666667,6.0
109487,4.0782123,179.0
109569,3.0,1.0
109578,3.375,8.0
109596,2.5,1.0
109627,4.0,1.0
109633,4.2,5.0
109673,3.409091,11.0
109687,4.0,1.0
109740,3.5,3.0
109742,3.5,2.0
109769,4.0,1.0
109846,2.0,1.0
109848,3.7380953,21.0
109850,2.5833333,6.0
109853,3.5,1.0
109864,3.125,4.0
109895,3.0,2.0
109941,0.5,1.0
110102,3.8561645,73.0
110110,4.4,5.0
110127,3.0,7.0
110130,3.2,5.0
110194,4.0,1.0
110295,2.75,2.0
110297,0.5,1.0
110322,3.0,2.0
110350,4.0,1.0
110407,3.0,2.0
110426,3.0,1.0
110453,3.8333333,3.0
110461,3.0,1.0
110501,3.5,13.0
110553,2.86,25.0
110586,3.25,8.0
110591,3.0,7.0
110611,3.5,1.0
110655,3.1,5.0
110675,4.0,3.0
110678,4.5,1.0
110730,3.7333333,15.0
110746,2.0,1.0
110750,1.5,1.0
110771,2.5,5.0
110773,4.5,1.0
110796,3.75,2.0
110809,3.5,1.0
110826,2.5,3.0
110828,3.0,1.0
110882,3.6153846,13.0
110968,2.3333333,3.0
111113,2.952381,21.0
111130,3.5,3.0
111235,4.5,4.0
111245,0.5,1.0
111249,3.5,1.0
111251,4.0,1.0
111255,5.0,1.0
111320,4.0,1.0
111360,2.8833334,30.0
111362,3.439655,58.0
111364,2.857143,14.0
111375,2.625,4.0
111384,3.5769231,13.0
111387,3.0,1.0
111443,3.2857144,14.0
111551,3.0,1.0
111617,3.857143,7.0
111622,3.642857,7.0
111630,1.0,1.0
111659,3.2692308,26.0
111661,3.25,2.0
111743,2.7916667,12.0
111759,3.9375,120.0
111778,4.1666665,3.0
111781,3.6931818,44.0
111856,2.0,1.0
111913,4.0,1.0
111921,3.6041667,24.0
111924,3.5,2.0
112070,4.0,2.0
112087,2.625,4.0
112138,3.1785715,28.0
112171,3.1052632,19.0
112175,3.8793104,29.0
112183,3.7142856,42.0
112245,4.0,2.0
112277,3.0,1.0
112290,4.0384617,26.0
112370,2.4,10.0
112399,4.5,3.0
112421,3.75,4.0
112460,2.25,2.0
112497,3.5,1.0
112552,4.1262627,99.0
112556,3.9736843,114.0
112582,5.0,1.0
112623,3.547619,42.0
112653,4.5,2.0
112689,4.5,1.0
112749,3.0,1.0
112788,1.7857143,7.0
112804,3.1785715,14.0
112818,3.0833333,6.0
112852,3.8385828,127.0
112868,3.0,5.0
112895,5.0,1.0
112897,1.875,4.0
112911,2.5,2.0
112940,3.2857144,7.0
112946,3.3333333,3.0
113064,1.75,2.0
113066,5.0,1.0
113071,4.5,1.0
113089,3.5,1.0
113188,3.125,4.0
113207,3.5,2.0
113216,4.0,1.0
113225,3.6666667,3.0
113240,3.5,1.0
113252,3.25,4.0
113275,3.75,6.0
113313,2.75,2.0
113315,3.5,1.0
113345,2.8461537,13.0
113348,3.0,4.0
113378,3.642857,14.0
113453,4.0,3.0
113532,3.75,2.0
113565,3.0,1.0
113573,3.3125,8.0
113604,3.5,4.0
113705,4.5,2.0
113741,3.8611112,18.0
113769,5.0,1.0
113771,2.5,2.0
113780,3.875,4.0
113829,3.5833333,6.0
113862,3.2142856,7.0
114007,3.0,1.0
114028,3.0,1.0
114033,4.0,1.0
114060,4.1875,8.0
114066,4.5,2.0
114074,3.25,2.0
114180,3.5535715,28.0
114182,2.0,1.0
114184,2.5,1.0
114246,3.75,2.0
114250,3.0,1.0
114265,3.375,4.0
114329,1.0,1.0
114342,4.125,4.0
114378,5.0,1.0
114392,3.625,4.0
114439,2.5,4.0
114494,3.5,1.0
114552,2.8333333,3.0
114554,4.0,6.0
114601,3.375,4.0
114635,5.0,1.0
114662,3.6756756,37.0
114670,3.3333333,3.0
114678,3.5,2.0
114692,3.5,1.0
114704,3.0,2.0
114713,2.25,4.0
114760,4.0,2.0
114762,3.5714285,7.0
114795,3.3,5.0
114818,3.5,1.0
114847,3.6666667,3.0
114935,3.6323528,34.0
115071,4.0,2.0
115122,3.6842105,19.0
115130,2.0,1.0
115147,4.0,1.0
115149,3.9152544,59.0
115170,3.357143,7.0
115210,3.6153846,39.0
115216,3.625,4.0
115231,3.875,8.0
115381,2.75,2.0
115467,3.0,1.0
115502,4.0,1.0
115534,2.75,2.0
115569,3.8580246,81.0
115617,3.7115386,78.0
115629,2.75,2.0
115664,3.5,7.0
115667,3.2,5.0
115680,2.9285715,7.0
115713,4.0,108.0
115770,2.75,2.0
115819,2.5,1.0
115824,3.5,1.0
115828,3.25,2.0
115871,4.0,1.0
115879,2.5,2.0
115881,5.0,1.0
115941,3.5,1.0
115943,2.5,1.0
115965,3.5,1.0
115967,3.5,2.0
115991,3.5,1.0
116138,3.3333333,3.0
116161,3.2142856,7.0
116191,2.75,2.0
116219,4.5,1.0
116397,3.3333333,3.0
116529,2.0,1.0
116660,4.25,2.0
116781,3.25,2.0
116797,4.009346,107.0
116799,4.0,10.0
116801,4.0,1.0
116823,3.2340426,47.0
116849,3.5,1.0
116855,3.0,3.0
116887,2.5,3.0
116893,4.25,2.0
116897,4.05,20.0
116905,4.5,2.0
116951,3.9,5.0
116977,1.8888888,9.0
117109,4.0,1.0
117123,4.5,1.0
117176,3.9666667,45.0
117310,0.5,1.0
117312,0.5,1.0
117334,3.5,2.0
117364,3.5,1.0
117368,3.0,1.0
117372,5.0,1.0
117434,4.0,1.0
117438,4.0,2.0
117444,4.2083335,12.0
117466,2.6,5.0
117511,4.5,2.0
117517,4.0,1.0
117529,3.368421,38.0
117533,4.0,10.0
117543,4.0,1.0
117545,3.5,1.0
117549,2.75,2.0
117590,3.8333333,6.0
117851,3.3888888,9.0
117867,4.125,4.0
117871,4.25,2.0
117881,3.8333333,9.0
117887,3.8076923,13.0
117893,5.0,1.0
117895,3.3,15.0
117928,4.5,1.0
118082,2.8,5.0
118101,3.25,2.0
118173,2.0,1.0
118244,3.0,1.0
118252,3.0,1.0
118256,3.5,1.0
118302,4.5,1.0
118338,3.0,1.0
118466,4.5,1.0
118696,3.6,45.0
118700,3.642857,7.0
118702,3.0,1.0
118706,3.0,1.0
118760,3.5,1.0
118880,4.3333335,3.0
118888,2.8333333,3.0
118894,1.0,1.0
118896,3.75,8.0
118898,3.6,5.0
118900,3.5714285,7.0
118930,4.5,2.0
118985,3.625,4.0
118997,2.7272727,11.0
119065,3.5,1.0
119141,2.75,24.0
119145,3.8703704,81.0
119153,4.0,1.0
119155,2.9285715,7.0
119655,3.0,3.0
119964,1.5,1.0
119966,3.0,1.0
120130,1.75,2.0
120132,3.5,2.0
120138,3.1666667,3.0
120466,3.392857,28.0
120474,3.3333333,3.0
120478,3.5,2.0
120625,3.5,1.0
120635,2.357143,7.0
120637,2.0,4.0
120783,2.0,1.0
120799,3.0,27.0
120807,4.75,4.0
120813,4.5,1.0
120815,4.0,1.0
120827,5.0,1.0
120853,1.0,1.0
120934,5.0,1.0
121099,4.0,1.0
121137,4.5,1.0
121155,2.0,1.0
121169,3.6666667,3.0
121190,3.0,1.0
121202,1.5,1.0
121231,3.409091,22.0
121253,3.0,1.0
121308,3.0,1.0
121330,2.0,1.0
121366,2.25,2.0
121370,1.0,2.0
121372,4.5,2.0
121374,4.0,1.0
122882,3.875,112.0
122884,2.875,4.0
122886,3.616505,103.0
122888,2.0,1.0
122890,2.6818182,11.0
122892,3.6455696,79.0
122896,3.3214285,14.0
122898,2.4444444,9.0
122900,3.5784314,51.0
122902,2.0,8.0
122904,3.976852,108.0
122906,3.5754716,53.0
122908,1.5,1.0
122910,3.4285715,21.0
122912,3.65625,80.0
122914,4.0,51.0
122916,4.0588236,68.0
122918,3.826087,69.0
122920,3.7391305,46.0
122922,3.5153847,65.0
122924,2.9423077,26.0
122926,3.6585367,41.0
123589,5.0,1.0
123947,3.0,1.0
124859,3.0,2.0
124867,3.5,1.0
125914,3.5,2.0
125916,2.5555556,9.0
125970,3.25,2.0
125972,4.3333335,3.0
126090,4.75,2.0
126420,2.25,2.0
126426,5.0,2.0
126430,3.875,8.0
126548,3.125,4.0
126575,3.0,1.0
126599,2.0,1.0
126921,2.5,1.0
126927,2.0,1.0
127040,2.5,1.0
127052,3.75,2.0
127084,2.3333333,3.0
127088,1.5,1.0
127096,3.0,1.0
127098,4.1363635,11.0
127108,4.0833335,6.0
127110,4.0,1.0
127114,3.5,2.0
127128,4.5,1.0
127130,3.5833333,6.0
127134,4.25,2.0
127136,3.5,1.0
127140,2.875,4.0
127146,4.5,1.0
127152,4.1666665,6.0
127158,4.0,1.0
127164,3.0,2.0
127180,3.5,1.0
127192,3.0,1.0
127196,4.5,1.0
127198,3.5555556,9.0
127202,3.8181818,11.0
127208,2.0,1.0
127212,2.8333333,3.0
127298,4.25,2.0
127311,3.0,1.0
127319,3.0,2.0
127390,3.8333333,3.0
127441,4.5,1.0
128089,3.5,3.0
128093,4.25,2.0
128360,4.046875,64.0
128488,3.5,3.0
128512,3.142857,7.0
128520,3.375,4.0
128542,3.5,1.0
128604,4.5,1.0
128606,2.75,2.0
128620,3.6666667,6.0
128671,3.25,2.0
128695,3.5,1.0
128736,3.5,1.0
128838,3.6,10.0
128852,3.5,1.0
128944,2.5,2.0
128968,3.5,1.0
128975,1.5,2.0
128991,3.0,1.0
129013,5.0,1.0
129354,3.4166667,18.0
129370,2.75,2.0
129428,2.8333333,3.0
129514,5.0,1.0
129659,4.0,1.0
129707,1.75,2.0
129779,4.25,2.0
129820,3.5,1.0
129937,2.2857144,7.0
130073,2.9285715,7.0
130075,3.5,2.0
130083,2.5,1.0
130087,1.9,5.0
130351,3.0,2.0
130448,3.5,1.0
130452,4.1,5.0
130490,2.3823528,17.0
130508,4.5,1.0
130520,2.9,10.0
130576,3.25,10.0
130578,2.375,4.0
130580,3.8333333,3.0
130618,5.0,1.0
130634,3.3125,8.0
130636,3.357143,7.0
130642,2.5,1.0
130684,3.0,2.0
130686,3.3333333,3.0
130840,1.5,1.0
130842,4.0,1.0
130956,2.5,3.0
130970,3.5,1.0
130978,4.75,2.0
130988,4.0,1.0
131013,3.375,4.0
131017,2.0,1.0
131050,2.5,1.0
131066,3.5,1.0
131080,3.0,2.0
131168,2.5,1.0
131170,3.0,1.0
131237,2.5,1.0
131248,1.0,1.0
131252,3.25,2.0
131464,3.75,2.0
131470,4.0,1.0
131658,3.5,1.0
131714,3.1666667,3.0
131724,4.285714,7.0
131796,3.25,4.0
131920,2.8333333,3.0
132046,2.9230769,13.0
132056,3.75,2.0
132112,3.5,2.0
132146,2.5,1.0
132157,2.75,2.0
132424,4.0,4.0
132446,4.0,2.0
132456,2.5,1.0
132480,4.090909,11.0
132555,4.5,1.0
132569,4.0,1.0
132630,4.0,1.0
132632,4.0,1.0
132652,4.0,1.0
132660,4.1,5.0
132796,2.2,5.0
132800,1.0,1.0
132883,4.5,1.0
132888,3.5,1.0
132961,3.75,2.0
133001,4.0,1.0
133123,5.0,1.0
133139,5.0,1.0
133155,2.5,1.0
133159,3.0,1.0
133163,0.5,1.0
133167,1.0,1.0
133173,4.25,2.0
133185,3.0,1.0
133195,2.5,4.0
133219,3.0,1.0
133361,4.5,1.0
133419,3.8888888,9.0
133645,4.1363635,11.0
133712,3.5,1.0
133729,1.75,2.0
133769,5.0,1.0
133771,3.3333333,27.0
133798,3.0,2.0
133802,3.25,2.0
133824,0.75,2.0
133832,2.1666667,3.0
134083,3.0,1.0
134130,4.114907,161.0
134158,2.5,1.0
134170,3.375,8.0
134180,4.25,2.0
134182,4.0,1.0
134214,4.375,4.0
134246,3.25,2.0
134248,2.5,2.0
134252,4.5,1.0
134326,4.5,2.0
134332,2.5,1.0
134368,3.409091,22.0
134374,4.5,1.0
134393,3.125,8.0
134528,3.5,1.0
134783,3.5,1.0
134796,4.0,1.0
134849,4.5,2.0
134853,3.9326923,104.0
134881,3.5,2.0
134945,3.5,1.0
135133,3.15,30.0
135137,1.7857143,7.0
135141,3.4375,8.0
135143,3.6354167,48.0
135216,4.0,3.0
135288,3.8333333,3.0
135426,3.7272727,11.0
135436,2.8125,8.0
135442,4.0,1.0
135456,4.25,4.0
135504,3.5,1.0
135518,3.1666667,3.0
135530,3.3333333,3.0
135532,4.5,1.0
135534,2.1,5.0
135536,2.6029413,34.0
135567,1.9,5.0
135569,3.46,25.0
135597,1.5,1.0
135643,2.5,1.0
135861,3.0,10.0
135885,3.0,1.0
135887,3.357143,14.0
136016,3.5714285,7.0
136018,2.75,2.0
136020,3.5,23.0
136247,4.0,2.0
136305,2.0,1.0
136335,3.1666667,3.0
136339,3.5,2.0
136343,3.5,1.0
136441,4.0,1.0
136449,4.125,4.0
136457,5.0,1.0
136459,4.5,1.0
136469,3.3,5.0
136485,4.25,2.0
136530,2.0,1.0
136538,5.0,1.0
136542,3.5,3.0
136562,3.1666667,15.0
136564,2.5,2.0
136588,4.0,1.0
136598,4.75,2.0
136602,3.3333333,6.0
136798,4.0,1.0
136864,2.5714285,21.0
136926,3.0,1.0
137278,2.5,1.0
137337,3.5625,8.0
137595,2.75,2.0
137761,4.5,1.0
137857,3.4615386,13.0
137863,3.25,2.0
138036,3.451613,31.0
138202,2.5,1.0
138204,5.0,1.0
138208,3.1666667,9.0
138210,4.0,1.0
138212,2.0,4.0
138702,3.8333333,3.0
138835,5.0,1.0
139052,2.5,1.0
139090,3.5,1.0
139106,0.5,1.0
139120,3.5,1.0
139130,5.0,2.0
139385,3.7421875,64.0
139415,3.25,2.0
139417,3.5,1.0
139419,3.25,2.0
139525,3.5,1.0
139575,2.5,1.0
139642,3.75,6.0
139644,3.75,40.0
139655,3.875,4.0
139713,3.5,1.0
139747,4.25,2.0
139757,3.5,1.0
139847,4.0,1.0
139855,4.0,6.0
139857,3.5,2.0
140074,0.5,1.0
140106,3.5,1.0
140110,4.173913,23.0
140162,2.75,2.0
140174,4.0571427,35.0
140212,4.5,1.0
140247,3.125,12.0
140265,1.75,2.0
140267,3.85,20.0
140383,1.5,1.0
140481,4.0,2.0
140523,2.0,6.0
140525,1.5,1.0
140529,3.5,1.0
140627,0.5,1.0
140711,3.1875,8.0
140713,3.875,4.0
140715,3.4545455,11.0
140725,4.0,1.0
140737,3.25,2.0
140816,3.8333333,3.0
140862,4.0,1.0
140928,3.6111112,9.0
140942,2.0,1.0
140956,3.4166667,30.0
141004,3.25,2.0
141131,1.5,1.0
141402,1.0,1.0
141408,4.25,2.0
141422,3.25,2.0
141544,1.5,1.0
141668,3.0,1.0
141688,3.3888888,9.0
141714,3.5,1.0
141718,2.6666667,3.0
141749,3.3,5.0
141761,3.5,1.0
141812,4.5,1.0
141816,4.0,1.0
141818,4.25,2.0
141826,4.5,2.0
141830,3.5,1.0
141844,3.0,1.0
141846,3.0,1.0
141866,4.05,10.0
141874,4.5,1.0
141890,4.0,3.0
141924,3.0,1.0
141946,5.0,1.0
141950,1.0,1.0
142020,4.5,1.0
142032,0.5,1.0
142074,3.0,3.0
142115,4.4375,8.0
142210,2.5,1.0
142222,3.5555556,9.0
142258,4.0,1.0
142372,2.5,1.0
142386,3.5,2.0
142420,2.5,5.0
142422,3.125,4.0
142448,3.5555556,9.0
142452,4.5,2.0
142456,3.5,1.0
142488,4.203704,27.0
142492,2.25,2.0
142503,3.0,1.0
142507,4.0,1.0
142509,4.5,3.0
142536,3.0833333,6.0
142540,1.5,1.0
142604,2.5,1.0
142843,5.0,1.0
142993,4.0,1.0
142997,3.7,10.0
143245,3.375,4.0
143257,3.0,1.0
143271,3.75,2.0
143345,3.3666666,15.0
143347,2.9642856,14.0
143355,3.1341465,41.0
143365,2.5,8.0
143367,3.375,4.0
143385,3.9078948,38.0
143387,2.75,4.0
143389,3.0,1.0
143444,3.75,2.0
143472,3.0,1.0
143647,3.0,1.0
143657,3.4615386,13.0
143859,3.0625,8.0
143990,4.5,1.0
144172,3.3333333,3.0
144426,2.0,1.0
144482,4.25,4.0
144532,4.0,1.0
144606,2.75,2.0
144618,3.0,1.0
144620,3.0,3.0
144716,3.5,1.0
144762,3.0,1.0
144976,3.5769231,13.0
144982,2.25,2.0
145028,1.0,1.0
145064,4.5,1.0
145070,3.25,2.0
145096,3.5,1.0
145150,4.0,1.0
145180,5.0,1.0
145418,3.75,4.0
145839,4.0,3.0
145935,4.5,1.0
146002,5.0,1.0
146024,4.0,1.0
146028,4.5,1.0
146196,3.75,2.0
146307,3.5,1.0
146309,3.8333333,3.0
146327,0.5,1.0
146656,3.9166667,12.0
146662,3.5,1.0
146682,4.0,1.0
146688,2.5,1.0
146904,3.0,1.0
147196,2.0,1.0
147244,5.0,1.0
147246,4.0,1.0
147290,4.5,1.0
147300,3.5,2.0
147328,4.5,1.0
147330,4.0,1.0
147410,4.0,1.0
147895,0.5,1.0
147940,5.0,1.0
148172,3.5,6.0
148238,2.0,2.0
148280,0.5,1.0
148424,3.1666667,3.0
148626,4.0214286,70.0
148652,3.25,2.0
148667,4.0,5.0
148671,3.9285715,7.0
148775,4.5,1.0
148855,5.0,1.0
148867,3.5,2.0
148888,2.1666667,3.0
148956,3.0,1.0
149011,3.1,5.0
149186,1.0,1.0
149334,3.825,20.0
149352,3.1111112,9.0
149354,3.5,2.0
149406,3.4285715,14.0
149552,4.5,1.0
149590,1.5,1.0
149670,4.0,1.0
149723,3.5,1.0
149830,2.6666667,3.0
150254,3.5,1.0
150258,3.75,2.0
150262,4.5,1.0
150268,5.0,1.0
150294,2.5,1.0
150776,3.5,1.0
151113,4.0833335,6.0
151315,3.1,5.0
151345,3.5,1.0
151455,3.375,4.0
151459,3.0,1.0
151507,3.0,1.0
151639,2.0,1.0
151695,3.0,1.0
151717,1.0,1.0
151731,4.5,1.0
151739,2.75,2.0
151759,5.0,1.0
151763,4.5,1.0
151765,4.5,1.0
151769,4.6666665,3.0
151777,3.5,2.0
151781,4.25,2.0
151951,4.25,2.0
152017,3.55,10.0
152057,3.5,1.0
152059,1.0,1.0
152063,3.0,4.0
152065,3.8333333,3.0
152071,4.5,1.0
152077,3.5625,32.0
152079,3.6,5.0
152081,3.8484848,66.0
152083,4.0,1.0
152091,2.625,4.0
152372,4.0,1.0
152545,3.5,1.0
152591,3.6666667,3.0
152970,3.875,12.0
153070,3.0,1.0
153931,5.0,1.0
154075,4.0,1.0
154358,4.0,1.0
154890,5.0,1.0
154915,4.0,1.0
154941,2.25,2.0
155018,3.0,1.0
155062,4.0,1.0
155064,3.5,3.0
155074,3.5,1.0
155288,4.125,4.0
155392,3.8333333,3.0
155509,3.6666667,6.0
155581,3.0,3.0
155583,3.25,2.0
155625,4.0,1.0
155659,2.0,2.0
155812,3.0,1.0
155820,2.5,2.0
155828,3.5,1.0
155846,3.5,1.0
155874,4.5,1.0
155966,2.0,1.0
155968,3.625,4.0
155970,1.75,2.0
156000,2.0,1.0
156125,3.0,1.0
156369,1.0,1.0
156371,3.6666667,3.0
156387,3.625,4.0
156605,3.1,5.0
156607,3.5,1.0
156609,2.4,5.0
156726,4.0,3.0
156755,4.0,1.0
156903,3.0,1.0
156944,4.0,2.0
157106,4.0,1.0
157122,4.3333335,3.0
157176,2.5,4.0
157200,3.5833333,6.0
157224,2.5,1.0
157268,4.0,1.0
157274,1.0,1.0
157276,3.5,1.0
157296,3.5652175,23.0
157312,2.0,1.0
157318,2.0,1.0
157326,3.0,1.0
157338,2.75,2.0
157340,3.25,8.0
157361,3.0,6.0
157373,5.0,1.0
157432,2.0,1.0
157569,4.0,1.0
157667,3.0,1.0
157699,3.65,10.0
157797,4.5,2.0
158070,3.5,1.0
158092,3.75,2.0
158238,3.6166666,30.0
158260,3.5,2.0
158382,3.5,2.0
158528,2.625,4.0
158783,3.9117646,17.0
158813,2.8333333,6.0
158830,3.875,4.0
158872,3.0666666,15.0
158966,3.5357144,14.0
158972,2.75,2.0
159061,3.75,4.0
159093,3.7619047,21.0
159161,5.0,1.0
159163,4.5,1.0
159191,5.0,1.0
159193,3.6666667,6.0
159195,3.5,3.0
159403,4.5,1.0
159415,3.5357144,14.0
159441,4.0,1.0
159690,1.0,3.0
159696,2.0,1.0
159717,3.7,5.0
159755,3.75,2.0
159811,5.0,1.0
159817,4.34375,16.0
159849,4.75,2.0
159858,3.642857,7.0
159972,2.5,1.0
160020,3.5,1.0
160080,2.7222223,9.0
160112,2.25,2.0
160187,1.0,1.0
160271,3.1923077,13.0
160289,4.375,4.0
160400,3.5,1.0
160438,3.4375,16.0
160563,2.875,8.0
160565,2.75,4.0
160567,3.25,2.0
160569,3.0,1.0
160571,3.2,5.0
160573,3.3,5.0
160656,3.25,2.0
160710,2.5,1.0
160718,4.0,15.0
160848,4.0,4.0
160874,3.0,1.0
160876,3.5,1.0
160892,4.0,1.0
160954,3.2222223,9.0
160980,3.475,20.0
160988,4.0,1.0
161024,4.25,2.0
161127,3.8,5.0
161131,3.9230769,13.0
161348,1.5,1.0
161354,4.5,1.0
161580,3.5,3.0
161582,4.117647,17.0
161584,3.0,1.0
161634,3.6666667,9.0
161650,3.75,2.0
161852,4.0,1.0
161922,3.7083333,12.0
161956,3.0,1.0
161966,3.25,4.0
162082,3.7142856,14.0
162322,4.0,3.0
162350,3.264706,17.0
162396,3.0,1.0
162414,3.9583333,24.0
162478,3.6666667,3.0
162576,3.5,1.0
162578,4.12,25.0
162590,2.75,6.0
162592,4.0,1.0
162594,3.25,4.0
162598,4.1666665,6.0
162600,3.2692308,13.0
162602,3.0,3.0
162606,3.7708333,24.0
162716,3.5,1.0
162726,4.0,1.0
162738,3.0,1.0
162828,3.3333333,3.0
162842,3.0,1.0
162982,5.0,1.0
163056,2.5,2.0
163066,4.0,1.0
163112,5.0,1.0
163134,4.1944447,18.0
163136,4.0,1.0
163464,3.5,1.0
163496,3.25,2.0
163585,0.5,1.0
163645,3.8541667,24.0
163663,5.0,1.0
163771,3.5,1.0
163809,4.1666665,3.0
163909,3.0,1.0
163911,4.5,1.0
163955,5.0,1.0
163959,3.3333333,3.0
163981,3.0,1.0
163985,3.375,4.0
164163,3.5,1.0
164175,3.375,4.0
164179,4.0531917,94.0
164367,4.0,3.0
164411,3.25,2.0
164540,3.0,2.0
164598,0.5,1.0
164655,4.0,1.0
164821,3.25,2.0
164909,3.6666667,39.0
164931,3.0,1.0
164933,3.0,2.0
164949,3.5,4.0
164981,5.0,1.0
164983,2.0,1.0
165087,4.25,2.0
165101,2.357143,7.0
165103,4.25,2.0
165119,3.5,1.0
165141,2.95,10.0
165219,4.0,1.0
165343,0.75,2.0
165347,3.55,10.0
165353,3.0,1.0
165491,3.8333333,3.0
165527,3.0,1.0
165539,3.5,1.0
165549,4.0434785,23.0
165551,3.75,10.0
165601,2.25,2.0
165603,3.4230769,13.0
165645,2.0,1.0
165669,2.0,1.0
165699,3.0,3.0
165823,2.5,1.0
165831,3.5,2.0
165859,1.5,1.0
165937,2.6666667,3.0
165961,2.0,1.0
165969,0.5,1.0
166024,4.21875,16.0
166042,4.0,1.0
166149,3.0,1.0
166235,3.0,1.0
166291,3.875,4.0
166461,3.8095238,42.0
166486,2.4,5.0
166492,2.5,3.0
166526,3.75,6.0
166528,3.5642858,70.0
166530,2.5,1.0
166532,3.75,2.0
166534,3.7826087,23.0
166558,4.0,2.0
166568,3.625,4.0
166615,2.0,1.0
166635,3.6166666,30.0
166643,3.78125,32.0
166655,3.25,2.0
166705,3.75,6.0
166765,2.0,1.0
166777,5.0,1.0
166788,4.0,5.0
166918,2.9166667,6.0
166940,3.5,2.0
166946,3.8,10.0
166958,1.75,2.0
166964,4.0,1.0
166974,3.5,1.0
167018,3.375,4.0
167036,4.0,4.0
167234,4.0,1.0
167248,3.75,2.0
167370,2.9166667,6.0
167380,3.0,1.0
167392,4.0,1.0
167544,3.25,2.0
167546,3.125,4.0
167564,3.0,1.0
167570,3.5,1.0
167620,3.75,2.0
167636,3.5,1.0
167640,4.25,2.0
167732,4.0,1.0
167738,2.625,4.0
167746,3.3636363,11.0
167792,4.5,2.0
167794,5.0,1.0
167832,3.7,5.0
167838,2.0,2.0
167870,4.0,1.0
168026,1.5,1.0
168060,2.25,2.0
168122,3.875,8.0
168174,2.0,1.0
168248,4.0,43.0
168250,4.1792455,53.0
168252,4.016949,59.0
168254,2.9545455,11.0
168266,4.0,2.0
168274,2.0,1.0
168286,3.5,1.0
168288,3.0,3.0
168326,4.0,11.0
168328,3.4166667,6.0
168330,3.5,2.0
168344,2.75,6.0
168366,3.4705882,17.0
168418,2.8,5.0
168420,2.3333333,3.0
168492,3.7954545,22.0
168498,2.5,1.0
168554,2.1666667,3.0
168586,4.0,1.0
168608,3.0,4.0
168610,4.25,2.0
168612,3.7857144,7.0
168632,4.5,1.0
168636,0.5,1.0
168650,2.0,1.0
168712,1.5,1.0
168884,4.5,1.0
169166,3.8333333,3.0
169218,3.1666667,3.0
169252,4.0,1.0
169400,4.0,1.0
169656,3.0,1.0
169692,4.0,1.0
169756,3.5,1.0
169760,3.5,2.0
169828,0.5,1.0
169864,2.9583333,12.0
169900,3.75,2.0
169902,4.5,1.0
169906,3.9,5.0
169948,3.0,1.0
169958,3.5,1.0
169982,2.75,2.0
169984,3.090909,11.0
169992,2.75,2.0
170125,3.5,1.0
170151,3.0,3.0
170355,3.625,8.0
170357,2.5,1.0
170399,2.5,1.0
170401,3.0,2.0
170403,3.125,4.0
170407,4.5,2.0
170411,2.8333333,3.0
170551,3.0,1.0
170597,3.5,1.0
170629,2.3333333,3.0
170645,5.0,1.0
170697,4.2,5.0
170705,4.59375,16.0
170745,5.0,1.0
170777,4.0,2.0
170787,1.5,1.0
170799,4.5,2.0
170813,3.1,5.0
170817,4.0,1.0
170827,2.3333333,6.0
170875,3.3333333,6.0
170897,1.0,1.0
170907,4.0,1.0
170937,0.5,1.0
170939,4.5,1.0
170943,3.0,1.0
170945,3.3333333,3.0
170957,2.8333333,6.0
170959,3.0,1.0
170973,2.6666667,3.0
171007,3.0,1.0
171011,4.55,10.0
171013,4.5,1.0
171227,3.0,1.0
171233,4.0,1.0
171253,4.0,1.0
171315,3.5,1.0
171439,3.5,2.0
171491,3.5,1.0
171495,5.0,2.0
171501,1.0,1.0
171583,2.5,2.0
171611,4.0,1.0
171647,4.5,1.0
171689,3.0,2.0
171695,3.0,1.0
171749,4.5,3.0
171751,3.5,1.0
171759,4.0,2.0
171763,3.7234042,47.0
171765,3.2,5.0
171867,4.0,1.0
172009,3.25,2.0
172255,0.5,1.0
172461,4.5,1.0
172547,3.357143,7.0
172583,3.5,1.0
172587,4.5,1.0
172589,4.5,2.0
172743,4.0,1.0
172807,4.0,1.0
172813,3.75,2.0
172877,5.0,1.0
172879,0.5,1.0
172881,4.0,1.0
172887,3.3333333,3.0
172889,4.0,1.0
173137,2.0,1.0
173145,3.7692308,13.0
173161,2.0,1.0
173197,3.6666667,6.0
173203,2.5,1.0
173205,3.1,5.0
173209,3.125,4.0
173291,2.7307692,13.0
173351,4.5,1.0
173369,3.45,10.0
173499,4.0,1.0
173619,4.0,1.0
173823,3.0,1.0
173925,3.2777777,9.0
173939,3.5,3.0
173941,3.5,9.0
174017,5.0,1.0
174035,1.75,2.0
174045,3.0,1.0
174055,3.7142856,35.0
174087,4.0,1.0
174181,3.5,1.0
174395,2.3333333,3.0
174423,3.0,1.0
174485,2.0,1.0
174487,4.0,4.0
174491,4.0,2.0
174533,2.0,1.0
174585,2.625,4.0
174645,2.0,1.0
174703,5.0,1.0
174727,3.0555556,9.0
174815,3.0,1.0
174829,5.0,1.0
174831,3.5,2.0
174859,3.5,1.0
174909,3.5,8.0
175197,2.9285715,7.0
175199,3.3333333,3.0
175277,3.0,1.0
175281,3.0,2.0
175303,3.5,26.0
175387,0.5,1.0
175431,5.0,1.0
175475,0.5,2.0
175485,3.5,1.0
175569,3.8076923,13.0
175579,2.5,1.0
175585,3.75,6.0
175649,2.0,1.0
175655,3.0,1.0
175659,3.0,3.0
175661,3.590909,11.0
175667,4.0,1.0
175669,4.5,1.0
175673,1.5,1.0
175755,4.0,1.0
175795,3.5,1.0
175809,3.5,1.0
175813,4.25,2.0
176057,3.0,1.0
176101,3.2857144,21.0
176103,2.5,1.0
176105,3.5,1.0
176219,3.5,1.0
176349,3.5,1.0
176351,2.0,1.0
176355,4.0,1.0
176371,3.9237287,59.0
176419,3.235294,17.0
176423,3.8,10.0
176487,3.0,1.0
176567,3.625,4.0
176601,4.3,10.0
176603,3.0,1.0
176681,2.0,1.0
176751,3.6,15.0
176801,4.0,3.0
176829,1.5,1.0
176919,1.0,1.0
176929,3.4,5.0
176933,4.0,4.0
176935,2.0714285,7.0
176937,2.6666667,6.0
177119,5.0,1.0
177237,3.25,6.0
177495,4.0,1.0
177497,3.4,5.0
177593,4.1463413,41.0
177607,2.7,5.0
177615,3.810345,29.0
177651,4.0,13.0
177689,3.53125,16.0
177763,2.7,10.0
177765,4.104651,43.0
177771,3.625,4.0
177871,4.0,3.0
177883,0.5,1.0
177939,3.5,1.0
177951,3.5,2.0
178061,3.6,10.0
178063,4.5,1.0
178323,2.8333333,3.0
178335,2.75,2.0
178355,2.0,1.0
178401,3.25,2.0
178447,2.3333333,3.0
178521,2.5,4.0
178523,3.0,3.0
178613,3.5,2.0
178667,2.75,4.0
178827,4.0,2.0
178885,4.0,1.0
178997,1.0,1.0
179053,4.5,1.0
179085,3.1666667,3.0
179119,3.3333333,6.0
179133,4.0,3.0
179135,4.0,4.0
179137,4.0,1.0
179163,2.5,1.0
179221,3.3333333,3.0
179247,3.5,1.0
179287,4.5,1.0
179295,3.0,1.0
179301,1.0,1.0
179331,3.5,3.0
179333,2.3333333,3.0
179401,3.8461537,26.0
179409,3.0,1.0
179411,3.0,1.0
179415,3.5,2.0
179451,3.5,1.0
179491,1.5,1.0
179701,3.0,1.0
179709,2.5,1.0
179779,0.5,1.0
179811,3.0,1.0
179813,3.5,1.0
179817,3.5,8.0
179819,3.2380953,42.0
179821,3.0,1.0
179863,5.0,1.0
179881,2.9,5.0
179953,2.5,1.0
179977,3.5,3.0
180031,3.326087,23.0
180037,4.5,1.0
180045,3.7083333,12.0
180095,4.25,4.0
180161,3.8333333,3.0
180231,2.75,4.0
180265,3.75,2.0
180297,4.0,1.0
180435,2.5,1.0
180497,3.75,18.0
180555,2.75,2.0
180587,3.3333333,3.0
180737,2.0,1.0
180985,3.75,4.0
181075,2.5,1.0
181115,1.5,2.0
181267,4.5,2.0
181315,3.75,6.0
181671,5.0,1.0
181751,3.0,1.0
182475,3.0,1.0
182557,3.0,1.0
182637,3.0,2.0
182715,3.4772727,22.0
182723,4.5,4.0
182819,3.0,1.0
182823,2.9375,8.0
183011,3.5833333,6.0
183151,4.0,4.0
183155,3.0,1.0
183159,3.5,1.0
183197,3.5,1.0
183227,4.0,1.0
183323,3.5,1.0
183353,2.0,1.0
183419,3.0,1.0
183421,3.375,4.0
183437,3.75,4.0
183461,2.5,1.0
183497,3.5,2.0
183589,5.0,1.0
183597,3.5,1.0
183611,3.6875,16.0
183613,3.25,4.0
183619,3.25,2.0
183635,3.4285715,7.0
183695,2.0,1.0
183699,1.5,1.0
183701,1.1666666,3.0
183727,2.3333333,3.0
183833,3.25,2.0
183837,4.0227275,22.0
183843,3.5555556,9.0
183855,2.8333333,3.0
183869,3.6666667,21.0
183897,3.7205882,34.0
183909,2.0,3.0
183915,2.75,2.0
184017,2.375,4.0
184023,3.25,2.0
184069,3.5,1.0
184089,0.5,1.0
184119,2.5,1.0
184189,3.5,1.0
184253,3.45,10.0
184257,3.3333333,3.0
184353,4.0,2.0
184399,3.375,8.0
184445,4.25,2.0
184471,3.409091,11.0
184623,3.5,1.0
184641,1.75,2.0
184721,3.1,5.0
184835,4.0,1.0
184865,4.5,1.0
184925,2.0,1.0
184931,3.25,2.0
184987,2.5,3.0
184997,3.8333333,6.0
184999,4.0,1.0
185001,4.0,2.0
185013,3.0,1.0
185029,3.5454545,22.0
185031,2.75,2.0
185169,2.1666667,3.0
185231,3.75,2.0
185295,3.5,1.0
185319,3.625,4.0
185435,3.0,1.0
185437,5.0,1.0
185443,4.0,1.0
185473,3.1666667,3.0
185481,2.5,2.0
185585,2.5,4.0
185869,3.5,1.0
185927,4.75,2.0
186005,3.5,3.0
186311,2.5,1.0
186339,2.5,1.0
186587,2.8,5.0
186631,3.75,2.0
186863,3.0,1.0
186947,2.0,1.0
186983,4.1666665,3.0
186985,3.8333333,3.0
187031,2.9,15.0
187051,2.5,2.0
187067,2.5,1.0
187231,3.5,2.0
187309,2.5,1.0
187501,3.7,5.0
187505,3.6666667,3.0
187523,3.75,2.0
187531,3.5,2.0
187541,3.652174,23.0
187583,3.0,1.0
187593,3.8909092,55.0
187595,3.3461537,13.0
187601,3.25,2.0
187613,2.75,2.0
187717,3.6875,8.0
187719,3.5,1.0
187723,4.25,2.0
187959,4.1666665,3.0
188187,2.5,1.0
188189,3.3333333,9.0
188207,3.5,8.0
188217,4.0,1.0
188301,3.5757575,33.0
188307,2.3333333,3.0
188309,4.5,1.0
188311,4.0,1.0
188383,3.0,3.0
188505,3.5,1.0
188541,3.1666667,3.0
188623,4.5,5.0
188625,4.0,1.0
188697,4.0,1.0
188749,3.5,6.0
188753,1.5,1.0
188773,3.5,5.0
188797,2.9375,8.0
188829,4.0,1.0
188833,3.0,2.0
188941,3.0,3.0
189041,3.375,4.0
189195,5.0,1.0
189203,3.75,10.0
189205,3.0,1.0
189241,2.8333333,3.0
189331,3.0,2.0
189333,4.0555553,18.0
189363,1.7,5.0
189567,3.5,1.0
189577,1.5,1.0
189713,3.4444444,18.0
189783,4.0,1.0
189805,2.5,1.0
189879,3.5,1.0
189885,3.9,5.0
189893,2.5,1.0
190017,3.0,1.0
190085,3.0,1.0
190089,2.25,2.0
190287,0.5,1.0
190349,3.5,1.0
190397,0.5,1.0
190399,3.5,1.0
190401,3.0,1.0
190507,2.0,1.0
190551,3.75,4.0
190555,4.0833335,12.0
190739,2.5,1.0
190741,3.75,2.0
190745,2.5,1.0
190939,3.7142856,7.0
190949,1.5,2.0
191113,4.0,1.0
191351,4.0,5.0
191367,2.6,5.0
191459,3.5,2.0
191469,4.0,2.0
191483,3.5,1.0
191489,3.625,4.0
191799,2.625,4.0
191869,3.5,1.0
192045,3.5,2.0
192109,4.0,3.0
192123,4.0,1.0
192245,3.5,9.0
192283,3.0,12.0
192307,2.75,4.0
192319,4.0,1.0
192357,4.0,1.0
192377,2.5,2.0
192379,3.4,10.0
192381,3.75,2.0
192385,3.235294,17.0
192389,2.8421052,19.0
192503,4.0,1.0
192551,2.8333333,3.0
192559,2.0,1.0
192561,3.0,1.0
192579,2.75,4.0
192649,3.5,2.0
192803,3.6136363,22.0
193041,4.25,2.0
193065,3.75,10.0
193147,3.8333333,6.0
193175,2.5,1.0
193185,4.5,3.0
193243,2.0,2.0
193449,2.75,2.0
193451,2.5,2.0
193455,4.5,1.0
193477,3.0,2.0
193589,4.0,2.0
193599,3.875,4.0
193637,3.5,1.0
193647,3.125,4.0
193697,2.8333333,3.0
193771,2.5,1.0
193900,3.5,1.0
193916,3.0,2.0
193942,3.5,4.0
193944,3.9545455,11.0
193950,4.357143,7.0
193952,3.5,2.0
193954,2.8333333,3.0
193956,3.8333333,3.0
193958,3.8333333,3.0
193960,4.0,2.0
194004,3.5,2.0
194006,1.5,2.0
194016,3.2857144,7.0
194026,2.5,1.0
194052,3.0,1.0
194074,3.642857,7.0
194312,2.0,1.0
194348,3.625,4.0
194396,3.0,3.0
194398,3.5,1.0
194400,3.5,5.0
194448,3.8333333,27.0
194638,1.5,1.0
194664,3.0,7.0
194696,2.0,1.0
194722,1.0,1.0
194762,2.8333333,3.0
194951,3.5384614,13.0
194959,2.5,2.0
194969,4.5,1.0
194975,5.0,1.0
195045,3.5,1.0
195159,4.195122,41.0
195163,2.6666667,6.0
195165,0.5,1.0
195167,4.375,4.0
195209,3.5,1.0
195295,3.5,2.0
195297,3.0,1.0
195305,3.5,3.0
195485,4.5,1.0
195497,3.5454545,11.0
195561,3.5,1.0
195639,3.5,1.0
195671,4.5,1.0
195777,2.7857144,7.0
195823,4.0,1.0
195921,3.5,3.0
196067,4.25,2.0
196175,4.0,1.0
196223,2.7142856,7.0
196341,2.5,1.0
196417,3.8333333,6.0
196611,0.5,1.0
196887,1.5,1.0
196889,3.1,10.0
196891,2.875,4.0
196893,4.25,2.0
196937,4.5,1.0
196997,3.3181818,11.0
197141,5.0,1.0
197175,3.6111112,18.0
197179,3.0,1.0
197197,4.25,2.0
197199,2.5,1.0
197201,3.5,1.0
197203,2.5,4.0
197207,3.5,1.0
197225,3.5,2.0
197343,3.5,4.0
197491,3.0,1.0
197529,5.0,1.0
197537,3.5,1.0
197651,3.4,5.0
197663,3.5,2.0
197689,3.0,3.0
197691,4.2,5.0
197697,3.5,1.0
197707,4.0,1.0
197711,3.3611112,18.0
197771,5.0,1.0
197875,4.1666665,3.0
197877,2.75,2.0
197879,4.8333335,3.0
197881,3.5,1.0
197883,4.125,4.0
197885,3.0,2.0
198111,3.0,3.0
198129,2.0,2.0
198145,4.5,2.0
198147,3.5,2.0
198151,2.5833333,6.0
198153,3.3333333,3.0
198157,3.5,3.0
198185,4.1666665,6.0
198265,3.0,1.0
198831,3.0,2.0
199073,3.625,4.0
199101,1.5,1.0
199207,2.5,1.0
199219,3.5,1.0
199223,2.1666667,3.0
199237,5.0,1.0
199307,1.75,2.0
199350,4.0,1.0
199866,3.5,2.0
199910,3.75,2.0
199966,4.0,1.0
199992,5.0,1.0
200200,3.5,1.0
200300,5.0,1.0
200306,3.1666667,6.0
200322,2.5,1.0
200332,4.1666665,6.0
200354,3.0,2.0
200540,3.2142856,7.0
200630,2.0,1.0
200638,3.0,2.0
200686,5.0,1.0
200814,2.6666667,3.0
200818,4.05,20.0
200820,2.25,2.0
200822,2.0,6.0
200824,4.0,2.0
200838,3.0,15.0
200938,3.6,5.0
200982,3.75,2.0
201200,3.5,1.0
201304,2.0,1.0
201314,3.5,1.0
201340,3.7,20.0
201368,2.25,2.0
201586,2.5,8.0
201588,3.4230769,13.0
201594,3.5,1.0
201646,4.1923075,26.0
201737,5.0,1.0
201749,3.5,6.0
201773,3.892857,28.0
201811,4.0,6.0
201861,4.5,1.0
202101,1.5,1.0
202103,3.75,4.0
202155,2.75,4.0
202159,2.5,2.0
202237,4.125,4.0
202393,4.0,2.0
202429,3.6585367,41.0
202431,3.75,2.0
202433,5.0,1.0
202439,4.453125,64.0
202495,3.0,1.0
202497,4.0,1.0
202499,2.0,1.0
202711,3.75,2.0
202749,4.388889,9.0
202934,3.5,1.0
203048,3.0,2.0
203160,3.5,5.0
203208,3.5,2.0
203218,3.8333333,3.0
203222,3.3,5.0
203224,3.5,1.0
203244,3.0,1.0
203278,3.5,1.0
203296,2.0,2.0
203322,4.25,4.0
203375,4.046875,32.0
203513,3.5,2.0
203517,3.0,2.0
203519,3.75,2.0
203619,4.0,1.0
203904,2.0,1.0
204152,2.75,4.0
204158,3.6666667,3.0
204246,1.5,1.0
204268,2.5,2.0
204294,3.75,2.0
204352,3.0769231,13.0
204542,2.65,10.0
204686,3.0,1.0
204692,3.3333333,3.0
204694,4.0,1.0
204698,3.7962964,54.0
204702,3.5,1.0
204704,3.8,5.0
204710,3.25,2.0
204826,1.5,2.0
204868,2.5,1.0
204878,4.25,2.0
204966,3.5,1.0
205048,3.5,1.0
205054,3.125,4.0
205072,3.125,4.0
205076,2.8333333,3.0
205106,0.5,1.0
205156,4.0625,32.0
205297,2.6111112,9.0
205303,4.3333335,3.0
205327,3.5,1.0
205383,3.409091,11.0
205425,4.5,1.0
205441,3.6666667,21.0
205509,3.5,1.0
205661,2.5,2.0
205857,3.1666667,3.0
206107,4.0,1.0
206200,3.0,1.0
206208,5.0,2.0
206246,3.9444444,9.0
206272,4.5,1.0
206293,0.5,1.0
206311,1.75,2.0
206419,3.0,8.0
206449,3.0,1.0
206451,3.5,1.0
206714,3.75,2.0
206805,4.0,2.0
206845,3.5,2.0
206857,3.9736843,19.0
206899,3.0,2.0
206939,0.5,1.0
206959,3.35,10.0
207189,4.0,1.0
207213,3.5,1.0
207229,2.75,2.0
207233,3.4545455,11.0
207309,1.5,1.0
207311,3.75,2.0
207313,4.0,39.0
207367,3.0,1.0
207405,3.5,5.0
207632,4.0,1.0
207638,3.0,1.0
207678,2.0,1.0
207830,3.0,4.0
207888,0.5,1.0
208096,3.5,2.0
208108,4.1666665,3.0
208205,2.82,25.0
208207,1.8333334,3.0
208289,3.9,5.0
208295,2.5,1.0
208469,4.5,1.0
208621,3.5,1.0
208703,4.111111,36.0
208737,3.5,1.0
208747,3.0,1.0
208800,3.0,1.0
208807,3.625,4.0
208939,3.357143,14.0
209173,3.8333333,3.0
209213,2.0,1.0
209311,4.0,1.0
209315,3.5,17.0
209321,3.0,2.0
209917,3.1666667,3.0
209965,3.9333334,15.0
210035,2.5,1.0
210175,4.0,1.0
210235,4.0,1.0
210271,2.0,5.0
210455,2.5,1.0
210469,2.5,1.0
210569,2.375,4.0
210573,3.8,5.0
210577,2.75,2.0
210847,2.3333333,3.0
210849,3.5,1.0
210851,4.0,4.0
210859,3.3,5.0
210861,4.035714,14.0
210863,1.9,5.0
210865,2.7,5.0
210867,1.0,1.0
210973,3.5,1.0
211223,4.0,1.0
211225,3.0,2.0
211726,2.75,2.0
211952,3.25,2.0
211966,0.5,1.0
212074,2.8,5.0
212088,3.0,1.0
212225,2.0,1.0
212281,4.0,1.0
212303,2.25,2.0
212361,4.1666665,3.0
212371,2.25,2.0
212373,3.5555556,9.0
212461,3.375,8.0
212587,2.6666667,3.0
212833,3.3333333,3.0
212869,3.5,1.0
213207,3.7083333,12.0
213347,3.6,10.0
213355,3.5,1.0
213397,3.7916667,12.0
213541,4.0,1.0
213585,2.5,1.0
213604,3.375,4.0
213892,3.8333333,3.0
213900,4.5,1.0
213914,3.875,4.0
214242,4.0,1.0
214612,4.0,4.0
214776,3.375,4.0
215335,2.5,1.0
215353,4.0,3.0
215499,3.5,1.0
215525,2.0,4.0
215527,3.6666667,3.0
215683,3.0,1.0
215685,4.0,1.0
215711,3.75,2.0
215911,4.0,1.0
216167,3.5,1.0
216402,3.75,4.0
216671,3.5,1.0
216745,4.0,1.0
216817,2.5,1.0
216859,1.5,1.0
216937,2.3333333,3.0
216963,4.5,1.0
217146,4.0,1.0
217465,3.6041667,24.0
217629,3.5,1.0
217655,3.7,10.0
217905,3.5,1.0
218525,3.0,1.0
218537,3.96875,16.0
218653,4.0,1.0
218803,4.0,1.0
218997,3.0,1.0
219444,3.8333333,3.0
219726,3.3333333,3.0
219994,3.6111112,9.0
220380,3.125,4.0
220528,4.5,1.0
220792,2.8333333,6.0
220854,4.0,1.0
220922,3.5,1.0
221160,2.25,2.0
221196,3.0,1.0
221244,3.75,2.0
221246,2.7,5.0
221396,4.5,1.0
221488,2.5,1.0
221548,3.5,1.0
221576,3.5833333,6.0
222011,3.0,2.0
222137,3.8,5.0
222356,3.0,2.0
222455,3.0,1.0
222477,2.3,5.0
222593,2.8,5.0
222913,3.5,1.0
223027,2.5,1.0
223204,3.25,4.0
223638,3.5,1.0
223826,0.5,1.0
223876,3.3333333,6.0
223944,3.6,5.0
224032,3.0,1.0
224052,3.75,2.0
224262,4.0,4.0
224264,3.375,8.0
224280,3.625,12.0
224324,3.75,2.0
224338,3.75,2.0
224675,4.0,1.0
224781,3.5,1.0
225145,3.25,4.0
225165,3.75,2.0
225169,4.5,1.0
225173,4.2115383,26.0
225625,3.5357144,14.0
225758,4.6666665,3.0
225776,3.5,2.0
225970,2.0,1.0
225984,3.7142856,7.0
225998,3.5,2.0
226202,3.5833333,12.0
226270,3.9615386,13.0
226574,3.75,2.0
226588,0.5,1.0
226626,4.0,1.0
226678,4.75,2.0
226680,3.25,2.0
226698,3.25,2.0
226886,5.0,1.0
226888,4.25,2.0
227002,3.5,2.0
227258,3.5,1.0
227496,2.0,2.0
227877,2.0,1.0
228099,4.0,6.0
228563,3.5,1.0
228863,3.0,1.0
228881,5.0,1.0
229037,4.0,1.0
229483,2.75,2.0
229797,2.8333333,3.0
230183,1.75,2.0
231057,3.8333333,3.0
231701,5.0,1.0
233171,3.0,3.0
233203,4.0,1.0
233555,2.5,2.0
233661,4.5,2.0
233953,3.0,3.0
233993,3.75,2.0
235099,2.5,1.0
235301,3.0,2.0
235509,3.0,1.0
236117,3.0,1.0
236991,4.1666665,3.0
237227,3.4375,8.0
237964,3.0,1.0
239428,4.5,1.0
240224,3.25,2.0
240270,3.25,2.0
240452,2.3333333,3.0
241032,0.5,1.0
241272,3.6875,8.0
241960,4.0,1.0
242062,4.0,1.0
242204,3.0,1.0
242774,3.0,8.0
242894,3.3,5.0
242906,3.6,5.0
243208,3.0,1.0
243586,4.0,2.0
243642,4.0,1.0
244172,2.0,1.0
244178,3.5625,8.0
244334,4.0,1.0
244906,3.5,1.0
245136,4.0,1.0
246604,5.0,1.0
247150,2.5,3.0
247780,3.0,1.0
247916,3.5,1.0
247988,2.9285715,7.0
248912,4.0,1.0
249122,1.0,1.0
249540,3.25,2.0
249964,3.5,1.0
250010,4.0625,8.0
250546,3.5,1.0
250852,4.5,1.0
250968,4.5,1.0
251086,3.625,12.0
251234,2.25,2.0
251606,3.1666667,3.0
251726,4.0,1.0
251922,2.5,1.0
252180,3.5,6.0
252590,3.6666667,6.0
252710,2.875,4.0
252930,3.625,4.0
253138,3.5,1.0
253332,2.6666667,3.0
253498,3.0,1.0
253536,4.0,1.0
253618,2.5,5.0
253620,3.0,1.0
253690,3.625,4.0
253960,3.5,1.0
253972,3.75,2.0
253976,1.25,2.0
254072,3.5,2.0
254178,4.5,1.0
254238,4.5,1.0
254452,2.75,2.0
254460,3.5,2.0
254614,3.0,1.0
254718,3.0,1.0
254720,3.1666667,3.0
254722,2.5,1.0
254724,3.0,1.0
254726,4.0625,24.0
254744,3.5,1.0
255335,3.9285715,7.0
255337,3.625,4.0
255655,2.25,2.0
255657,2.0,1.0
257037,3.2,5.0
257281,0.5,1.0
257387,0.5,1.0
257595,3.5,2.0
257637,3.25,4.0
257751,3.25,2.0
258451,4.0,3.0
258575,2.5,2.0
258857,3.5,1.0
258881,3.75,2.0
259659,4.25,2.0
259665,3.6666667,3.0
259751,3.5,1.0
259859,3.5,1.0
259919,5.0,1.0
260201,3.1666667,3.0
260243,3.8,5.0
260617,3.8333333,6.0
260665,3.05,10.0
260667,4.0,7.0
260669,1.0,1.0
261131,3.7857144,7.0
261271,3.5,2.0
261273,3.0,1.0
261275,2.875,4.0
261705,3.75,2.0
261759,3.875,4.0
261809,3.5,1.0
261955,3.5,1.0
262721,2.5,1.0
262759,2.0,1.0
263005,3.5,4.0
263007,3.574074,27.0
263009,2.8333333,3.0
263405,3.0,4.0
263407,3.1153846,13.0
263481,3.625,4.0
263973,3.25,2.0
264135,3.0,2.0
265432,3.0,1.0
265460,3.1666667,3.0
265468,3.25,2.0
265550,3.5,1.0
266008,2.5,1.0
266788,4.0,1.0
267456,4.3333335,3.0
267458,3.0,1.0
268642,3.5,17.0
268732,4.0,2.0
268744,2.5,2.0
269146,3.0,2.0
269208,4.5,1.0
269226,3.5,2.0
269426,4.0,1.0
269582,3.5,1.0
269638,3.5,6.0
269820,3.5,2.0
269872,2.0,1.0
270346,3.0,3.0
270350,1.0,1.0
270526,2.4,5.0
270554,2.5,1.0
270696,3.2,5.0
270698,3.5769231,26.0
270750,4.0,1.0
271232,2.5,3.0
271313,4.5,1.0
271631,3.0,1.0
271799,2.5,2.0
271865,3.75,2.0
271917,3.0,2.0
272135,3.0,2.0
272211,5.0,1.0
272367,3.0,1.0
272407,2.5,1.0
272417,3.1666667,3.0
272483,2.75,2.0
272525,3.5714285,7.0
272527,1.5,1.0
272541,4.5,1.0
272663,3.5,1.0
273131,3.5,1.0
273133,4.0,2.0
273433,3.25,2.0
273891,3.75,10.0
274053,3.5666666,15.0
274195,3.25,2.0
274197,3.25,2.0
274971,2.75,4.0
274979,1.5,1.0
275079,2.75,2.0
275167,4.5,1.0
275173,3.5,1.0
275191,4.0,1.0
275243,3.25,2.0
275245,3.7222223,9.0
275433,3.5,1.0
275467,2.0833333,6.0
275503,4.5,1.0
275515,3.0,1.0
275919,3.5,1.0
276047,3.1666667,3.0
276087,3.5,3.0
276151,4.0,2.0
276249,4.0,2.0
276251,4.0,1.0
276489,3.0,2.0
276897,4.0,1.0
276929,3.5,4.0
277028,4.1666665,3.0
277066,3.75,4.0
277282,3.0,1.0
277856,3.0,2.0
277978,4.25,2.0
278084,3.5,1.0
278176,3.875,4.0
278312,2.0,1.0
278420,3.5,2.0
278446,4.071429,7.0
278578,4.5,3.0
278586,3.6666667,3.0
278612,3.0,1.0
278690,3.5,1.0
278702,3.5833333,12.0
278794,3.5,2.0
278980,2.0,1.0
279182,3.875,4.0
279184,3.6666667,3.0
279226,4.5,1.0
279412,3.75,2.0
279414,2.75,2.0
279710,3.5,1.0
279812,4.1666665,9.0
279894,2.0,1.0
279956,0.5,1.0
280100,3.5,1.0
280174,3.3333333,3.0
280202,3.5,2.0
280218,3.3333333,3.0
280236,4.0,1.0
280310,3.25,2.0
280372,3.5,1.0
280868,4.1666665,3.0
280890,3.75,2.0
280990,3.5,2.0
281004,2.0,1.0
281082,3.5,1.0
281096,4.0625,8.0
281208,1.5,1.0
282125,3.25,2.0
282147,2.5,3.0
282161,4.0,1.0
282649,3.25,2.0
282753,3.0,1.0
282843,3.5,2.0
283177,2.0,1.0
283223,3.25,2.0
283577,3.5,2.0
283873,3.3333333,3.0
284193,2.75,2.0
284291,2.5,1.0
284411,3.5,1.0
284489,1.5,1.0
284879,3.5,1.0
285109,3.5,1.0
285301,4.1,5.0
285593,4.0,2.0
285597,1.5,1.0
285947,3.0,2.0
286097,4.0,1.0
286107,3.5,2.0
286131,3.1666667,3.0
286355,2.0,1.0
286897,4.6,5.0
286901,3.25,2.0
286951,3.0,1.0
287633,4.0,1.0
287699,3.3,5.0
287731,3.5,1.0
287823,4.0,1.0
288167,3.5,1.0
288265,3.3333333,3.0
288269,3.5,1.0
288513,2.1666667,3.0
288679,2.0,1.0
288861,4.0,3.0
289253,3.0,1.0
289295,2.5,2.0
289297,3.5,1.0
290213,4.0,1.0
